timestamp_s,accel_x,accel_y,accel_z,gyro_x,gyro_y,gyro_z,mag_x,mag_y,mag_z,gnss_available,gnss_lat,gnss_lon,satellites,hdop,gt_lat,gt_lon,gt_speed_m_s,gt_heading_rad
0.0,-1.2917,-0.0459,10.1336,-0.0032,0.0367,0.002,17.42,17.93,39.65,True,37.7748811,-122.419428,11,1.14,37.7749,-122.4194,10.08,0.8
0.1,-1.3662,0.0289,10.1246,-0.0065,-0.0015,0.002,17.41,17.94,40.68,True,37.7748947,-122.4194671,8,1.22,37.7749062,-122.4193919,9.95,0.8002
0.2,0.6769,0.0974,9.8929,0.0012,0.0055,0.002,17.41,17.94,40.16,True,37.7749322,-122.4193708,8,1.38,37.7749124,-122.4193839,9.82,0.8004
0.3,0.5541,-0.0015,10.1037,0.0126,0.0089,0.002,17.41,17.94,40.57,True,37.7748839,-122.4193329,8,1.2,37.7749187,-122.4193756,10.07,0.8006
0.4,-1.8637,-0.0466,9.3062,0.004,0.0011,0.002,17.4,17.95,40.61,True,37.7749284,-122.4193283,9,0.91,37.7749249,-122.4193675,9.98,0.8008
0.5,0.3052,0.0331,10.1875,-0.0149,0.0126,0.002,17.4,17.95,40.4,True,37.7749235,-122.4193489,10,0.86,37.774931,-122.4193596,9.67,0.801
0.6,2.0399,0.0551,9.6674,0.0185,0.0285,0.002,17.4,17.95,39.16,True,37.7749181,-122.4193427,9,0.87,37.7749372,-122.4193514,9.99,0.8012
0.7,-0.9089,0.1369,9.6683,0.0031,-0.029,0.002,17.39,17.96,40.01,True,37.7749224,-122.4193814,11,1.31,37.7749435,-122.4193432,10.03,0.8014
0.8,1.9788,-0.0851,9.8555,0.0248,-0.0192,0.002,17.39,17.96,40.49,True,37.7749413,-122.4193298,11,1.1,37.7749496,-122.4193352,9.79,0.8016
0.9,3.1894,0.1527,9.6742,-0.0133,0.0335,0.002,17.39,17.97,40.26,True,37.7750072,-122.419302,11,1.34,37.7749562,-122.4193267,10.44,0.8018
1.0,-1.5493,0.0843,9.9233,0.044,0.0162,0.002,17.38,17.97,40.65,True,37.7749239,-122.4192891,8,1.21,37.7749627,-122.4193182,10.42,0.802
1.1,0.6575,0.1664,9.8411,0.0008,0.0214,0.002,17.38,17.97,40.65,True,37.7750237,-122.4193151,9,0.9,37.774969,-122.4193099,10.11,0.8022
1.2,1.8311,0.0743,10.2471,0.0169,-0.0048,0.002,17.37,17.98,39.82,True,37.7749767,-122.4193088,8,1.04,37.7749756,-122.4193013,10.49,0.8024
1.3,-0.5457,-0.0655,9.759,0.0002,-0.0124,0.002,17.37,17.98,40.12,True,37.7749978,-122.419297,11,1.01,37.7749821,-122.4192928,10.45,0.8026
1.4,0.5278,-0.0339,9.7177,0.0143,-0.0228,0.002,17.37,17.98,39.92,True,37.7750496,-122.419278,9,0.86,37.7749886,-122.4192843,10.38,0.8028
1.5,-1.3393,0.0174,9.477,0.0178,0.0075,0.002,17.36,17.99,39.6,True,37.7749677,-122.4192768,10,0.91,37.7749952,-122.4192756,10.58,0.803
1.6,-3.8986,0.0061,10.17,-0.013,0.0249,0.002,17.36,17.99,40.22,True,37.7749787,-122.419266,8,0.81,37.7750015,-122.4192673,10.15,0.8032
1.7,-0.6496,0.0284,9.3184,-0.0577,-0.0016,0.002,17.36,17.99,40.57,True,37.7749565,-122.4192487,9,0.86,37.7750077,-122.4192593,9.82,0.8034
1.8,2.7281,0.0058,9.9681,0.0017,-0.0074,0.002,17.35,18.0,39.19,True,37.7750056,-122.4192261,10,1.32,37.7750139,-122.4192511,10.0,0.8036
1.9,2.4325,0.0217,9.4751,0.0197,-0.012,0.002,17.35,18.0,39.9,True,37.775046,-122.4193117,10,0.96,37.7750203,-122.4192426,10.32,0.8038
2.0,1.0185,0.1186,9.7035,-0.0044,-0.0009,0.002,17.35,18.0,39.74,True,37.775025,-122.419266,8,1.32,37.7750269,-122.419234,10.49,0.804
2.1,1.5786,0.0795,9.4554,-0.0092,-0.0155,0.002,17.34,18.01,39.4,True,37.7749831,-122.4192166,9,1.04,37.7750335,-122.4192254,10.55,0.8042
2.2,0.1015,-0.08,9.6844,0.029,-0.0121,0.002,17.34,18.01,39.37,True,37.7750193,-122.4192407,9,1.25,37.7750402,-122.4192166,10.76,0.8044
2.3,-0.5491,-0.037,9.6308,-0.0038,0.0251,0.002,17.33,18.01,40.1,True,37.7750188,-122.419224,11,1.27,37.7750467,-122.4192079,10.56,0.8046
2.4,-0.2383,0.0484,10.1981,0.0138,-0.0218,0.002,17.33,18.02,39.81,True,37.775064,-122.419159,10,0.86,37.7750534,-122.4191992,10.63,0.8048
2.5,0.9833,0.0291,9.9895,0.0285,0.0032,0.002,17.33,18.02,39.98,True,37.7750629,-122.419171,8,1.31,37.7750599,-122.4191906,10.45,0.805
2.6,0.5965,-0.0166,10.6579,-0.0058,-0.0582,0.002,17.32,18.02,39.82,True,37.7750653,-122.4191329,9,1.11,37.7750666,-122.4191817,10.81,0.8052
2.7,-1.4278,0.0264,10.3005,0.0293,0.0071,0.002,17.32,18.03,40.29,True,37.7750833,-122.4191238,9,1.4,37.7750732,-122.4191731,10.59,0.8054
2.8,-0.5219,0.0665,9.3263,-0.0206,-0.0127,0.002,17.32,18.03,39.95,True,37.7750631,-122.4191974,11,1.14,37.7750798,-122.4191644,10.52,0.8056
2.9,0.2961,0.1019,9.3074,0.0366,0.0118,0.002,17.31,18.03,39.36,True,37.7750456,-122.4190969,10,1.31,37.7750863,-122.4191558,10.48,0.8058
3.0,-0.5319,0.0478,9.945,0.0156,0.03,0.002,17.31,18.04,40.44,True,37.7750712,-122.4190811,10,1.27,37.7750929,-122.4191471,10.59,0.806
3.1,-0.5172,0.0119,10.222,-0.0187,0.0323,0.002,17.31,18.04,39.07,True,37.7751133,-122.4191356,11,0.91,37.7750993,-122.4191386,10.36,0.8062
3.2,1.049,0.0245,9.7532,-0.0066,0.0143,0.002,17.3,18.04,40.18,True,37.7750663,-122.4191238,9,0.89,37.7751059,-122.41913,10.49,0.8064
3.3,2.7149,-0.115,9.9157,0.0011,0.012,0.002,17.3,18.05,39.9,True,37.7751193,-122.4191529,11,0.96,37.7751125,-122.4191213,10.63,0.8066
3.4,1.5319,-0.0817,9.8041,-0.0126,0.0105,0.002,17.3,18.05,40.58,True,37.7751148,-122.4190913,9,1.4,37.7751194,-122.4191122,11.03,0.8068
3.5,-2.281,0.122,10.14,0.0004,-0.0151,0.002,17.29,18.06,39.71,True,37.7751154,-122.4191205,10,1.22,37.7751262,-122.4191032,10.99,0.807
3.6,-0.1139,-0.0061,10.2417,0.0242,-0.0204,0.002,17.29,18.06,39.25,True,37.7751186,-122.4190837,10,0.94,37.7751328,-122.4190945,10.6,0.8072
3.7,-0.8935,0.0576,9.7857,0.0084,0.0107,0.002,17.28,18.06,39.35,True,37.7751359,-122.4191135,9,0.88,37.7751396,-122.4190854,10.99,0.8074
3.8,-0.3863,0.1787,9.7498,-0.0256,0.0106,0.002,17.28,18.07,39.6,True,37.7751178,-122.4190401,8,1.39,37.7751461,-122.4190769,10.38,0.8076
3.9,2.3081,-0.1274,9.1676,-0.0262,-0.0226,0.002,17.28,18.07,40.69,True,37.7751363,-122.4190307,11,0.93,37.7751528,-122.419068,10.88,0.8078
4.0,1.3607,-0.2705,9.4831,0.0102,-0.0126,0.002,17.27,18.07,39.31,True,37.7751364,-122.4190805,9,1.31,37.7751595,-122.4190591,10.81,0.808
4.1,2.0034,0.0271,9.8296,-0.0656,0.0352,0.002,17.27,18.08,40.42,True,37.7751167,-122.41907,9,1.26,37.7751664,-122.41905,11.09,0.8082
4.2,-0.8888,0.009,9.7642,-0.0202,0.0198,0.002,17.27,18.08,39.16,True,37.7751755,-122.4190074,10,1.14,37.7751734,-122.4190407,11.18,0.8084
4.3,-1.7227,-0.0805,10.0216,0.0021,-0.0186,0.002,17.26,18.08,40.12,True,37.7751416,-122.4190529,9,1.3,37.7751802,-122.4190318,10.92,0.8086
4.4,0.8485,0.0207,9.8594,0.0071,0.0297,0.002,17.26,18.09,40.6,True,37.7751808,-122.4190416,10,1.3,37.7751869,-122.4190228,10.84,0.8088
4.5,0.5259,0.1134,9.4211,0.0241,0.0079,0.002,17.26,18.09,40.36,True,37.7752238,-122.4190041,11,1.17,37.7751937,-122.4190138,11.03,0.809
4.6,-0.236,-0.074,9.7522,0.0142,0.0215,0.002,17.25,18.09,39.45,True,37.7751914,-122.4190148,9,1.19,37.7752005,-122.4190048,10.91,0.8092
4.7,-0.4768,-0.0499,9.5316,-0.0382,-0.0232,0.002,17.25,18.1,40.7,True,37.7751911,-122.4189639,8,0.97,37.7752073,-122.4189957,10.98,0.8094
4.8,-0.04,0.1132,10.4518,0.0069,-0.0003,0.002,17.24,18.1,39.43,True,37.7751888,-122.4189362,9,1.18,37.775214,-122.4189868,10.82,0.8096
4.9,3.0563,0.0866,9.5069,0.0061,-0.0284,0.002,17.24,18.1,39.8,True,37.7752552,-122.418939,8,1.39,37.7752208,-122.4189778,10.98,0.8098
5.0,1.0305,-0.0268,9.8873,-0.0008,0.0171,0.002,17.24,18.11,39.85,True,37.7752098,-122.4189582,10,1.08,37.7752279,-122.4189684,11.4,0.81
5.1,-1.7342,0.061,9.6848,0.012,-0.0076,0.002,17.23,18.11,40.24,True,37.7752197,-122.4189349,9,1.22,37.7752349,-122.4189591,11.25,0.8102
5.2,-1.3866,0.0943,9.9916,0.0154,-0.0044,0.002,17.23,18.11,40.09,True,37.775292,-122.4189312,8,1.3,37.7752417,-122.41895,11.06,0.8104
5.3,-0.6231,0.0403,10.107,0.013,0.0017,0.002,17.23,18.12,39.95,True,37.7752801,-122.4190024,11,1.34,37.7752486,-122.4189409,10.99,0.8106
5.4,0.4986,0.1448,9.8744,-0.0383,-0.0155,0.002,17.22,18.12,40.21,True,37.7752243,-122.4189093,10,1.38,37.7752553,-122.4189319,10.93,0.8108
5.5,-0.5039,0.0728,9.3492,-0.0043,-0.0023,0.002,17.22,18.12,39.92,True,37.7752801,-122.4189199,11,0.93,37.7752622,-122.4189227,11.17,0.811
5.6,-0.3535,0.0657,9.9706,-0.0123,-0.0279,0.002,17.22,18.13,39.71,True,37.7752674,-122.418927,11,1.38,37.775269,-122.4189137,10.86,0.8112
5.7,2.3275,-0.0601,9.7785,-0.0167,0.023,0.002,17.21,18.13,40.32,True,37.7752536,-122.4189035,11,0.85,37.7752758,-122.4189046,11.09,0.8114
5.8,0.9368,0.1209,9.8147,-0.0212,0.0221,0.002,17.21,18.13,40.86,True,37.7752683,-122.4188752,11,0.9,37.7752828,-122.4188953,11.3,0.8116
5.9,-0.4166,0.0632,9.7276,0.0409,0.0011,0.002,17.21,18.14,40.59,True,37.7753419,-122.418881,10,1.36,37.7752898,-122.418886,11.27,0.8118
6.0,-0.6047,-0.0322,10.2319,0.0001,0.0177,0.002,17.2,18.14,39.51,True,37.7752752,-122.418829,9,1.32,37.7752968,-122.4188767,11.21,0.812
6.1,0.7068,-0.027,9.3544,-0.0167,0.0186,0.002,17.2,18.14,40.73,True,37.7753382,-122.4189065,8,1.11,37.7753036,-122.4188675,11.14,0.8122
6.2,0.88,0.0127,10.1185,-0.0126,-0.019,0.002,17.19,18.15,39.2,True,37.7753416,-122.4188693,9,0.97,37.7753107,-122.4188581,11.33,0.8124
6.3,-1.3334,0.075,10.4756,-0.0048,0.004,0.002,17.19,18.15,41.05,True,37.7753334,-122.4188525,9,1.03,37.7753176,-122.4188488,11.29,0.8126
6.4,-0.6119,-0.0894,10.1916,0.0133,-0.0027,0.002,17.19,18.15,40.26,True,37.7753327,-122.4188632,10,1.03,37.7753245,-122.4188397,11.09,0.8128
6.5,0.9572,0.11,9.4901,0.0408,-0.0251,0.002,17.18,18.16,39.87,True,37.7753898,-122.4187983,10,1.22,37.7753314,-122.4188304,11.18,0.813
6.6,-1.6341,0.0031,9.1941,-0.0156,0.0024,0.002,17.18,18.16,39.62,True,37.7753529,-122.4188715,9,1.29,37.7753384,-122.4188211,11.29,0.8132
6.7,-0.4782,0.1543,10.0773,0.01,0.0206,0.002,17.18,18.17,40.36,True,37.7753358,-122.4187631,10,1.1,37.7753451,-122.4188121,10.9,0.8134
6.8,2.6436,-0.2284,9.9791,0.0053,-0.021,0.002,17.17,18.17,40.26,True,37.7753287,-122.4188064,8,0.85,37.775352,-122.4188028,11.21,0.8136
6.9,0.0615,-0.001,9.7154,-0.0058,-0.0303,0.002,17.17,18.17,40.14,True,37.7753501,-122.418818,10,1.33,37.7753591,-122.4187934,11.4,0.8138
7.0,0.2085,-0.0581,9.8791,-0.0012,0.0415,0.002,17.17,18.18,39.95,True,37.7753082,-122.4187808,9,0.8,37.775366,-122.4187841,11.2,0.814
7.1,0.4044,-0.0021,9.6468,-0.0359,-0.0115,0.002,17.16,18.18,38.75,True,37.7754176,-122.4188001,10,0.92,37.775373,-122.4187747,11.42,0.8142
7.2,-1.9953,-0.0599,9.7215,0.0071,-0.025,0.002,17.16,18.18,39.23,True,37.7753602,-122.4188394,9,1.16,37.77538,-122.4187654,11.23,0.8144
7.3,-0.7329,-0.0607,9.9223,0.0002,0.0176,0.002,17.15,18.19,39.28,True,37.7753946,-122.418781,9,1.0,37.7753868,-122.4187562,11.05,0.8146
7.4,2.0011,-0.0534,9.307,0.0334,0.006,0.002,17.15,18.19,40.22,True,37.7754115,-122.4188043,10,1.12,37.7753936,-122.418747,11.11,0.8148
7.5,1.0467,0.0736,10.2775,0.0183,-0.0088,0.002,17.15,18.19,39.33,True,37.7754536,-122.4187775,11,1.35,37.7754007,-122.4187375,11.5,0.815
7.6,-1.4433,-0.18,10.4212,0.0023,-0.0307,0.002,17.14,18.2,40.36,True,37.7754179,-122.4187051,8,0.86,37.7754077,-122.4187281,11.32,0.8151
7.7,-0.0948,-0.0297,9.4727,-0.0259,-0.0175,0.002,17.14,18.2,39.81,True,37.7753966,-122.4187039,9,1.09,37.7754147,-122.4187188,11.23,0.8153
7.8,1.9143,-0.155,9.6007,-0.0227,-0.0115,0.002,17.14,18.2,39.42,True,37.7754157,-122.418711,9,1.1,37.7754216,-122.4187095,11.31,0.8155
7.9,1.9603,0.1266,10.2222,-0.0116,-0.0136,0.002,17.13,18.21,38.96,True,37.7753726,-122.4186871,11,1.35,37.7754288,-122.4186999,11.59,0.8157
8.0,-1.2775,0.0173,9.5826,0.0185,-0.022,0.002,17.13,18.21,39.93,True,37.7754425,-122.4186621,8,0.85,37.775436,-122.4186902,11.71,0.8159
8.1,0.063,-0.041,10.4055,0.026,0.0295,0.002,17.13,18.21,39.53,True,37.7754064,-122.4186633,10,1.38,37.775443,-122.4186807,11.37,0.8161
8.2,1.8214,0.1732,9.3818,-0.0079,-0.0001,0.002,17.12,18.22,40.74,True,37.7754787,-122.418708,10,1.36,37.7754502,-122.4186711,11.66,0.8163
8.3,2.6148,0.0356,10.2733,-0.0174,0.0373,0.002,17.12,18.22,39.88,True,37.7754763,-122.4186435,9,1.3,37.7754574,-122.4186613,11.74,0.8165
8.4,-1.7366,0.0286,9.7098,0.0241,0.0053,0.002,17.12,18.22,40.74,True,37.7754402,-122.4185928,9,1.13,37.7754649,-122.4186512,12.2,0.8167
8.5,0.5173,0.0679,9.9224,0.0324,-0.013,0.002,17.11,18.23,40.05,True,37.7754934,-122.4186587,8,1.04,37.7754719,-122.4186418,11.33,0.8169
8.6,0.8902,0.1593,10.3488,0.0125,0.0026,0.002,17.11,18.23,39.24,True,37.7755044,-122.4186407,8,1.18,37.7754794,-122.4186316,12.27,0.8171
8.7,-3.3821,-0.021,9.9903,0.0128,0.0172,0.002,17.1,18.23,39.6,True,37.7754771,-122.4185954,9,0.88,37.7754865,-122.4186221,11.52,0.8173
8.8,0.4634,0.0983,9.3714,0.0145,-0.0277,0.002,17.1,18.24,39.8,True,37.7754914,-122.418608,8,0.96,37.7754937,-122.4186124,11.62,0.8175
8.9,0.5456,0.1458,9.6331,-0.0038,-0.0046,0.002,17.1,18.24,39.81,True,37.7754826,-122.4186047,11,0.88,37.7755008,-122.4186028,11.66,0.8177
9.01,0.8351,-0.0919,9.2255,0.0238,0.0146,0.002,17.09,18.24,39.47,True,37.775473,-122.4185881,8,1.14,37.775508,-122.418593,11.72,0.8179
9.11,1.3616,-0.0115,10.2582,-0.0125,0.0057,0.002,17.09,18.25,39.24,True,37.775475,-122.4185604,9,1.3,37.7755153,-122.4185832,11.81,0.8181
9.21,-0.8364,-0.0538,9.8783,-0.0256,-0.0038,0.002,17.09,18.25,39.57,True,37.7755336,-122.4186285,9,1.38,37.7755227,-122.4185733,11.97,0.8183
9.31,-2.7901,-0.0476,10.0796,0.0089,-0.0186,0.002,17.08,18.25,39.24,True,37.7755594,-122.4185282,8,0.85,37.7755298,-122.4185636,11.58,0.8185
9.41,0.6906,-0.1134,9.5532,0.0086,-0.02,0.002,17.08,18.26,39.84,True,37.7755436,-122.4185574,10,1.37,37.7755368,-122.4185542,11.39,0.8187
9.51,1.018,0.1567,10.2748,-0.0067,-0.025,0.002,17.08,18.26,39.58,True,37.775611,-122.4185797,8,1.28,37.775544,-122.4185445,11.71,0.8189
9.61,0.009,0.0609,9.8452,-0.0104,-0.0125,0.002,17.07,18.26,40.1,True,37.7755548,-122.418549,10,1.18,37.7755511,-122.4185348,11.66,0.8191
9.71,1.1266,0.0038,9.4413,-0.0306,-0.0031,0.002,17.07,18.27,40.25,True,37.7755496,-122.4185351,8,1.28,37.7755584,-122.418525,11.79,0.8193
9.81,1.3151,-0.1146,10.0152,-0.0074,-0.0132,0.002,17.06,18.27,39.99,True,37.7755719,-122.4185192,9,1.19,37.7755657,-122.4185151,11.91,0.8195
9.91,-0.4989,0.1305,10.262,-0.0126,0.0035,0.002,17.06,18.27,39.96,True,37.7755527,-122.4185285,10,1.26,37.7755731,-122.4185051,12.03,0.8197
10.01,1.0672,-0.0364,9.5341,0.0016,-0.0026,0.002,17.06,18.28,39.79,True,37.7756087,-122.4184605,10,1.17,37.7755803,-122.4184952,11.84,0.8199
10.11,0.1878,0.1379,10.0707,-0.0213,-0.0093,0.002,17.05,18.28,39.61,True,37.7755346,-122.4185218,9,0.82,37.7755879,-122.418485,12.29,0.8201
10.21,-0.357,0.1948,9.1345,-0.0196,-0.0337,0.002,17.05,18.28,39.96,True,37.7756296,-122.4184789,9,1.27,37.7755952,-122.4184751,11.88,0.8203
10.31,2.1554,-0.0179,9.7272,-0.0062,0.0095,0.002,17.05,18.29,41.04,True,37.7756022,-122.4184341,8,0.87,37.7756026,-122.4184649,12.22,0.8205
10.41,-0.3653,0.0417,9.581,-0.0237,-0.0068,0.002,17.04,18.29,39.86,True,37.7755711,-122.4184256,8,1.03,37.7756102,-122.4184547,12.31,0.8207
10.51,-2.5202,-0.0611,9.6788,0.0277,-0.0197,0.002,17.04,18.29,40.72,True,37.7756119,-122.4184596,10,1.3,37.7756176,-122.4184446,12.14,0.8209
10.61,-0.4718,-0.0997,9.8917,-0.0053,-0.0134,0.002,17.04,18.3,39.99,True,37.7756126,-122.4184271,8,1.0,37.7756249,-122.4184347,11.88,0.8211
10.71,1.2766,-0.1602,9.7491,-0.01,-0.0223,0.002,17.03,18.3,38.93,True,37.7757182,-122.4184732,10,0.93,37.7756323,-122.4184247,12.0,0.8212
10.81,-0.5253,-0.1014,10.18,-0.0084,-0.005,0.002,17.03,18.3,40.59,True,37.7756451,-122.4184114,9,1.02,37.7756397,-122.4184146,12.13,0.8214
10.91,1.3394,0.0767,9.4157,0.0031,0.0332,0.002,17.03,18.31,40.24,True,37.7756434,-122.4183621,9,1.17,37.775647,-122.4184047,11.91,0.8216
11.01,1.4838,-0.0688,9.7537,0.015,-0.0104,0.002,17.02,18.31,41.29,True,37.7755821,-122.4183646,8,1.37,37.7756546,-122.4183943,12.39,0.8218
11.11,0.4656,-0.0057,10.2414,-0.044,0.0076,0.002,17.02,18.31,40.22,True,37.7756927,-122.4183925,10,0.99,37.7756621,-122.4183841,12.23,0.822
11.21,-0.5111,0.0882,9.5075,-0.0363,0.009,0.002,17.01,18.32,39.59,True,37.7757095,-122.4184002,10,1.24,37.7756697,-122.4183738,12.43,0.8222
11.31,-0.2872,0.0983,9.9174,-0.0097,0.0021,0.002,17.01,18.32,40.79,True,37.7756668,-122.4183591,11,1.4,37.7756771,-122.4183637,12.13,0.8224
11.41,1.3569,0.1483,10.2847,0.0074,0.0376,0.0019,17.01,18.32,39.91,True,37.7756504,-122.4183519,9,1.22,37.7756847,-122.4183534,12.35,0.8226
11.51,-0.1417,0.1607,10.085,0.0346,-0.0042,0.0019,17.0,18.33,40.22,True,37.7756383,-122.4183547,11,1.29,37.7756922,-122.418343,12.37,0.8228
11.61,0.8711,0.1116,10.408,0.0368,0.0192,0.0019,17.0,18.33,40.17,True,37.7757372,-122.4183447,11,1.23,37.7756998,-122.4183327,12.37,0.823
11.71,0.391,-0.0808,9.6636,-0.002,0.0054,0.0019,17.0,18.33,40.21,True,37.7756726,-122.4183579,11,0.93,37.7757074,-122.4183223,12.53,0.8232
11.81,-0.0665,-0.1221,9.8249,0.0123,-0.0074,0.0019,16.99,18.34,40.13,True,37.7757112,-122.4182741,11,0.94,37.775715,-122.4183119,12.42,0.8234
11.91,1.3161,-0.0033,9.5377,-0.0069,-0.0111,0.0019,16.99,18.34,39.47,True,37.775716,-122.41832,8,1.34,37.7757227,-122.4183015,12.51,0.8236
12.01,-1.6122,0.1326,9.8868,-0.0072,-0.035,0.0019,16.99,18.34,39.71,True,37.7756824,-122.4182639,8,0.82,37.7757304,-122.4182909,12.65,0.8238
12.11,-1.4638,-0.0708,9.9516,0.0365,0.0141,0.0019,16.98,18.35,39.95,True,37.7757606,-122.4183052,9,1.32,37.7757379,-122.4182807,12.22,0.824
12.21,0.2196,0.039,9.5047,0.0252,0.0184,0.0019,16.98,18.35,39.48,True,37.7757524,-122.4182738,9,1.16,37.7757454,-122.4182704,12.35,0.8242
12.31,-1.1308,0.1083,9.4997,-0.0064,-0.0068,0.0019,16.98,18.35,39.5,True,37.7757391,-122.4182094,11,1.33,37.7757529,-122.4182601,12.3,0.8244
12.41,-1.0198,0.0317,9.8829,-0.0145,0.0053,0.0019,16.97,18.36,39.63,True,37.7757101,-122.4182705,8,1.16,37.7757604,-122.41825,12.14,0.8246
12.51,1.6986,-0.0762,9.5779,0.0098,0.0078,0.0019,16.97,18.36,39.85,True,37.7757225,-122.4182359,10,1.26,37.7757677,-122.4182399,12.07,0.8248
12.61,0.7799,-0.0794,9.7044,-0.0183,0.0303,0.0019,16.96,18.36,40.84,True,37.775796,-122.4182922,8,1.36,37.7757753,-122.4182295,12.49,0.8249
12.71,-1.9793,0.0759,10.2513,-0.0257,0.0241,0.0019,16.96,18.37,39.15,True,37.7757651,-122.4182707,9,1.37,37.7757828,-122.4182193,12.2,0.8251
12.81,0.1484,0.067,9.6947,0.0065,0.0179,0.0019,16.96,18.37,40.03,True,37.7757719,-122.4182022,11,1.15,37.7757902,-122.4182091,12.1,0.8253
12.91,0.7693,0.0638,9.5587,0.0455,-0.0214,0.0019,16.95,18.37,40.2,True,37.7757634,-122.4181961,10,0.9,37.7757976,-122.4181989,12.22,0.8255
13.01,1.1421,0.0657,9.8202,-0.0028,0.0216,0.0019,16.95,18.38,40.51,True,37.7758022,-122.418202,11,1.02,37.7758051,-122.4181887,12.24,0.8257
13.11,1.0246,-0.0323,9.3996,-0.0143,-0.0184,0.0019,16.95,18.38,39.62,True,37.775839,-122.418122,9,0.97,37.7758127,-122.4181783,12.47,0.8259
13.21,0.2986,-0.0572,9.7044,-0.0021,0.0365,0.0019,16.94,18.38,39.13,True,37.7758292,-122.4181792,9,1.22,37.7758203,-122.4181679,12.44,0.8261
13.31,-0.0149,-0.0452,9.8717,-0.0009,-0.003,0.0019,16.94,18.39,40.86,True,37.7758103,-122.4181317,11,0.94,37.7758279,-122.4181574,12.51,0.8263
13.41,0.0037,-0.0549,9.8292,-0.001,-0.0011,0.0019,16.94,18.39,40.42,True,37.7758453,-122.4181709,10,1.38,37.7758355,-122.4181469,12.48,0.8265
13.51,1.1985,0.0677,10.1723,-0.0022,0.0109,0.0019,16.93,18.39,40.51,True,37.7758618,-122.4181048,9,1.31,37.7758431,-122.4181365,12.51,0.8267
13.61,0.3201,0.0472,9.5998,0.0058,0.0383,0.0019,16.93,18.4,40.36,True,37.7758858,-122.4181329,10,1.33,37.7758508,-122.4181258,12.71,0.8269
13.71,-0.3596,0.1151,10.0796,0.0206,-0.0311,0.0019,16.93,18.4,39.18,True,37.7758357,-122.4181702,10,1.33,37.7758585,-122.4181152,12.64,0.8271
13.81,0.1926,0.0493,9.8517,0.0078,-0.0052,0.0019,16.92,18.4,40.17,True,37.7759304,-122.4180498,10,1.16,37.7758662,-122.4181046,12.66,0.8273
13.91,1.9235,-0.0118,9.803,0.0187,0.0195,0.0019,16.92,18.41,39.42,True,37.7758676,-122.4181389,9,1.2,37.7758739,-122.4180941,12.61,0.8275
14.01,-0.04,-0.0049,9.2531,0.0031,-0.0224,0.0019,16.92,18.41,40.23,True,37.775952,-122.4180791,10,1.39,37.7758818,-122.4180832,12.99,0.8277
14.11,-1.3482,0.1348,9.684,0.0019,-0.0228,0.0019,16.91,18.41,39.67,True,37.7759537,-122.4180712,10,0.81,37.7758895,-122.4180726,12.62,0.8278
14.21,-1.0356,0.0025,10.2465,-0.0184,0.0166,0.0019,16.91,18.42,39.81,True,37.7758979,-122.4180954,10,1.02,37.7758972,-122.418062,12.7,0.828
14.31,1.9898,0.1409,10.0976,-0.0196,0.0186,0.0019,16.9,18.42,40.55,True,37.7759181,-122.4180211,9,0.86,37.7759048,-122.4180516,12.39,0.8282
14.41,3.7527,0.0472,10.1101,0.0096,-0.0144,0.0019,16.9,18.42,40.48,True,37.7759634,-122.4179896,9,0.9,37.7759127,-122.4180406,13.07,0.8284
14.51,-0.7502,0.0826,10.236,0.0158,0.0229,0.0019,16.9,18.42,39.75,True,37.7759133,-122.4180885,8,0.81,37.7759207,-122.4180297,13.09,0.8286
14.61,-1.2194,0.0992,9.7855,0.0141,-0.0007,0.0019,16.89,18.43,39.86,True,37.7759167,-122.418047,8,0.89,37.7759285,-122.4180188,12.92,0.8288
14.71,-2.2742,0.1065,9.6158,-0.0149,0.0097,0.0019,16.89,18.43,40.67,True,37.7759213,-122.418052,9,0.89,37.7759363,-122.4180081,12.82,0.829
14.81,-1.2813,0.1237,9.615,0.0225,0.0022,0.0019,16.89,18.43,40.67,True,37.7759121,-122.4179633,9,0.87,37.7759439,-122.4179976,12.44,0.8292
14.91,0.9217,0.1696,9.6114,0.0109,0.0114,0.0019,16.88,18.44,39.89,True,37.7759385,-122.4179488,10,1.02,37.7759515,-122.4179871,12.55,0.8294
15.01,1.3368,0.132,9.8798,-0.0069,0.0183,0.0019,16.88,18.44,39.07,True,37.7759118,-122.4179337,9,1.15,37.7759591,-122.4179765,12.62,0.8296
15.11,0.7773,0.1012,10.2119,-0.0116,-0.008,0.0019,16.88,18.44,39.8,True,37.7759477,-122.4179822,10,1.28,37.7759669,-122.4179658,12.81,0.8298
15.21,-1.419,-0.2451,10.6454,0.0034,-0.0033,0.0019,16.87,18.45,39.1,True,37.7759959,-122.4179176,10,1.1,37.7759747,-122.417955,12.76,0.83
15.31,2.1048,-0.0917,10.107,0.0317,-0.0099,0.0019,16.87,18.45,39.52,True,37.7759911,-122.4179534,9,0.92,37.7759823,-122.4179445,12.55,0.8301
15.41,1.447,0.0511,9.4579,0.0057,0.0103,0.0019,16.87,18.45,39.23,True,37.7759334,-122.4179075,10,1.4,37.7759903,-122.4179335,13.14,0.8303
15.51,-1.8279,0.1261,9.4602,-0.0031,-0.0332,0.0019,16.86,18.46,39.78,True,37.7760093,-122.4179158,10,0.88,37.7759981,-122.4179227,12.85,0.8305
15.61,1.3633,0.1486,9.4827,0.012,0.0041,0.0019,16.86,18.46,40.29,True,37.7759906,-122.4179499,9,1.15,37.7760058,-122.417912,12.76,0.8307
15.71,1.4503,0.0146,9.9234,-0.0058,0.0053,0.0019,16.86,18.46,40.77,True,37.7760128,-122.4179597,11,1.24,37.7760138,-122.4179009,13.14,0.8309
15.81,-0.5865,-0.0603,9.6415,0.0082,-0.0277,0.0019,16.85,18.47,40.04,True,37.776015,-122.4178969,9,1.02,37.7760217,-122.41789,13.01,0.8311
15.91,-0.7646,0.1189,10.1037,-0.0068,0.021,0.0019,16.85,18.47,40.64,True,37.7760161,-122.4178764,11,1.26,37.7760295,-122.417879,13.0,0.8313
16.01,-0.5536,0.1093,9.9803,-0.0026,0.0281,0.0019,16.84,18.47,39.5,True,37.7760404,-122.4179138,10,1.35,37.7760373,-122.4178683,12.84,0.8315
16.11,1.4949,-0.1104,9.7648,0.001,0.0166,0.0019,16.84,18.48,38.75,True,37.7760795,-122.4178679,10,0.99,37.7760451,-122.4178574,12.89,0.8317
16.21,0.7109,0.032,9.755,-0.0151,-0.026,0.0019,16.84,18.48,40.29,True,37.7760176,-122.4178562,9,1.22,37.7760531,-122.4178464,13.13,0.8319
16.31,0.5909,0.0013,9.5341,0.0021,-0.0167,0.0019,16.83,18.48,40.29,True,37.7760177,-122.4178607,11,0.92,37.776061,-122.4178354,13.01,0.832
16.41,-0.1232,-0.036,9.8267,-0.0001,-0.0019,0.0019,16.83,18.49,40.17,True,37.77609,-122.4177969,8,1.19,37.776069,-122.4178243,13.26,0.8322
16.51,-1.6496,0.103,10.0066,-0.0068,-0.003,0.0019,16.83,18.49,40.55,True,37.7760619,-122.4177988,9,0.82,37.7760768,-122.4178133,12.99,0.8324
16.61,-0.467,0.0157,10.2866,0.0001,-0.02,0.0019,16.82,18.49,40.81,True,37.7760552,-122.4177912,10,1.1,37.7760846,-122.4178025,12.89,0.8326
16.71,-0.5601,-0.0599,9.9803,0.0104,0.0114,0.0019,16.82,18.5,39.78,True,37.7760681,-122.4177911,9,1.27,37.7760924,-122.4177916,12.9,0.8328
16.81,-1.0906,0.0456,9.9973,-0.0178,0.0029,0.0019,16.82,18.5,40.02,True,37.7760718,-122.4177732,10,1.09,37.7761002,-122.4177809,12.74,0.833
16.91,1.7153,0.0685,9.971,0.0071,-0.004,0.0019,16.81,18.5,39.44,True,37.7760558,-122.4177883,10,0.88,37.7761078,-122.4177702,12.67,0.8332
17.01,2.0119,0.115,9.8994,0.0041,-0.0229,0.0019,16.81,18.5,38.99,True,37.7760986,-122.4177713,8,1.14,37.7761158,-122.4177592,13.13,0.8334
17.11,-0.5904,0.0794,9.6636,-0.005,-0.0064,0.0019,16.81,18.51,39.7,True,37.7761721,-122.4177665,11,0.9,37.7761237,-122.4177482,13.08,0.8336
17.21,-1.0096,0.1394,9.8307,0.0202,0.0026,0.0019,16.8,18.51,39.99,True,37.7761488,-122.4177776,8,1.33,37.7761316,-122.4177372,13.06,0.8337
17.31,-0.5587,0.2377,9.6373,-0.0014,0.0015,0.0019,16.8,18.51,40.25,True,37.7761541,-122.4177488,9,1.37,37.7761394,-122.4177263,12.92,0.8339
17.41,1.7329,-0.0268,9.4733,0.0147,0.0045,0.0019,16.8,18.52,39.33,True,37.7762232,-122.4177037,10,1.1,37.7761472,-122.4177154,12.93,0.8341
17.51,0.4888,0.1191,9.4852,-0.0008,0.0611,0.0019,16.79,18.52,40.88,True,37.7761818,-122.4177116,11,0.98,37.7761552,-122.4177042,13.21,0.8343
17.61,-2.8093,-0.0458,9.7327,-0.0173,0.0008,0.0019,16.79,18.52,40.12,True,37.7761848,-122.4176701,9,1.03,37.776163,-122.4176933,13.01,0.8345
17.71,-0.4406,0.0588,9.1345,-0.0143,0.0171,0.0019,16.79,18.53,39.17,True,37.7761653,-122.4176549,8,1.24,37.7761707,-122.4176826,12.64,0.8347
17.81,2.094,0.1736,9.6548,-0.0024,0.0185,0.0019,16.78,18.53,40.52,True,37.776147,-122.41759,9,1.03,37.7761785,-122.4176717,12.92,0.8349
17.91,2.0993,0.0817,10.4264,-0.0247,0.0244,0.0019,16.78,18.53,39.9,True,37.7761571,-122.4176693,10,0.9,37.7761863,-122.4176607,13.06,0.8351
18.01,0.6223,-0.0181,9.9449,-0.014,0.0007,0.0019,16.77,18.54,39.79,True,37.7761686,-122.4176421,9,0.87,37.7761944,-122.4176494,13.36,0.8352
18.11,-0.336,0.0287,9.3855,-0.0033,0.0102,0.0019,16.77,18.54,39.8,True,37.7762397,-122.417617,9,1.06,37.7762024,-122.4176383,13.2,0.8354
18.21,-0.2305,0.1754,9.5558,-0.0065,0.0155,0.0019,16.77,18.54,40.6,True,37.7761824,-122.4175886,10,0.88,37.7762104,-122.4176271,13.28,0.8356
18.31,-1.4524,-0.0179,9.5921,-0.0175,-0.0351,0.0019,16.76,18.55,39.65,True,37.7762186,-122.417598,8,1.35,37.7762183,-122.417616,13.11,0.8358
18.41,0.9438,0.0286,9.5214,-0.0052,-0.0008,0.0019,16.76,18.55,40.65,True,37.7762049,-122.4175657,8,1.09,37.7762261,-122.4176051,12.96,0.836
18.51,1.3426,0.0997,10.2117,-0.0066,-0.0048,0.0019,16.76,18.55,39.19,True,37.7762112,-122.4176384,9,1.28,37.7762341,-122.4175939,13.28,0.8362
18.61,0.25,0.2364,10.1934,-0.0142,0.038,0.0019,16.75,18.56,40.11,True,37.7762171,-122.4176043,9,0.88,37.7762421,-122.4175827,13.25,0.8364
18.71,0.0818,-0.0088,10.2059,-0.0084,0.0178,0.0019,16.75,18.56,40.52,True,37.7762478,-122.4176402,8,0.95,37.7762501,-122.4175714,13.37,0.8366
18.81,1.538,-0.0697,9.8991,-0.0185,0.0228,0.0019,16.75,18.56,39.61,True,37.7762799,-122.4175357,9,1.14,37.7762582,-122.4175601,13.3,0.8367
18.91,-0.2525,-0.022,9.8185,-0.0094,0.0323,0.0019,16.74,18.56,39.63,True,37.7762834,-122.4175585,11,1.13,37.7762664,-122.4175486,13.62,0.8369
19.01,-1.304,0.1687,9.7531,0.0115,0.0067,0.0019,16.74,18.57,39.99,True,37.776277,-122.4175121,8,1.06,37.7762744,-122.4175374,13.29,0.8371
19.11,-0.3957,0.0924,9.8065,0.0164,-0.0133,0.0019,16.74,18.57,40.04,True,37.7762881,-122.4175048,8,1.26,37.7762824,-122.4175261,13.39,0.8373
19.21,0.1406,0.0105,9.6699,-0.0321,-0.0078,0.0019,16.73,18.57,40.1,True,37.7762297,-122.417493,11,0.88,37.7762904,-122.4175149,13.25,0.8375
19.31,0.0767,0.0062,10.0225,-0.0037,0.001,0.0019,16.73,18.58,40.1,True,37.7762615,-122.4175237,11,1.21,37.7762985,-122.4175036,13.4,0.8377
19.41,-0.5628,0.0784,9.2181,0.0048,-0.0369,0.0019,16.73,18.58,40.47,True,37.7762783,-122.4175038,8,0.88,37.7763064,-122.4174924,13.24,0.8379
19.51,-0.1184,0.0749,9.9704,0.0188,0.0174,0.0019,16.72,18.58,40.54,True,37.7763479,-122.4174741,8,1.31,37.7763144,-122.4174811,13.3,0.838
19.61,-0.7878,0.0106,10.2219,-0.0445,-0.0194,0.0018,16.72,18.59,40.26,True,37.7763741,-122.4174561,10,0.81,37.7763224,-122.41747,13.17,0.8382
19.71,1.0306,0.1162,9.7483,0.0212,0.0025,0.0018,16.72,18.59,39.45,True,37.7763971,-122.4175023,8,1.01,37.7763302,-122.4174589,13.11,0.8384
19.81,2.3712,0.0688,10.1672,-0.0222,-0.0126,0.0018,16.71,18.59,38.99,True,37.7763465,-122.4174186,10,1.29,37.7763383,-122.4174475,13.38,0.8386
19.91,-0.134,0.0482,9.6582,0.012,0.0075,0.0018,16.71,18.6,39.96,True,37.7763525,-122.4174167,9,1.33,37.7763465,-122.417436,13.59,0.8388
20.01,-2.2735,0.0871,9.6247,0.0211,-0.0283,0.0018,16.71,18.6,40.38,True,37.7764129,-122.4174197,9,1.07,37.7763544,-122.4174248,13.29,0.839
20.11,-2.5132,0.2066,9.8074,-0.017,-0.0146,0.0018,16.7,18.6,41.24,True,37.7763248,-122.4174535,10,1.4,37.7763623,-122.4174137,13.12,0.8391
20.21,0.9152,0.0459,10.0319,-0.0152,-0.0118,0.0018,16.7,18.6,39.83,True,37.7763512,-122.4174305,11,1.36,37.77637,-122.4174029,12.76,0.8393
20.31,4.8209,0.159,9.6991,-0.0183,0.0452,0.0018,16.7,18.61,40.18,True,37.7763472,-122.4174204,8,1.12,37.776378,-122.4173917,13.26,0.8395
20.41,1.3507,0.1673,10.0641,0.031,0.0281,0.0018,16.69,18.61,39.34,True,37.776348,-122.4173699,8,1.28,37.7763862,-122.4173801,13.68,0.8397
20.51,0.3423,0.2475,10.1689,0.0418,0.0488,0.0018,16.69,18.61,39.96,True,37.7763764,-122.4173465,11,1.17,37.7763943,-122.4173686,13.53,0.8399
20.61,-0.7588,-0.1064,9.5526,-0.0009,-0.0084,0.0018,16.69,18.62,40.15,True,37.7763814,-122.4173552,11,0.82,37.7764025,-122.417357,13.73,0.8401
20.71,-1.7706,-0.0041,9.8104,-0.0129,-0.0118,0.0018,16.68,18.62,39.28,True,37.7763872,-122.4174243,9,1.1,37.7764106,-122.4173456,13.37,0.8402
20.81,0.288,0.0436,10.1879,0.0018,-0.0037,0.0018,16.68,18.62,40.53,True,37.7764245,-122.4173516,11,1.38,37.7764186,-122.4173343,13.4,0.8404
20.91,1.5798,-0.1052,9.7481,-0.0079,0.0035,0.0018,16.68,18.63,40.06,True,37.7764942,-122.4172817,11,0.96,37.7764266,-122.4173229,13.43,0.8406
21.01,-1.5239,0.2218,9.7465,0.0002,0.0076,0.0018,16.67,18.63,40.12,True,37.7764475,-122.4173227,8,0.96,37.7764349,-122.4173113,13.69,0.8408
21.11,-0.871,0.1805,9.7856,-0.0025,0.0206,0.0018,16.67,18.63,40.31,True,37.7764477,-122.417329,8,1.14,37.7764427,-122.4173002,13.09,0.841
21.21,1.9328,0.0192,9.4594,0.0232,0.0224,0.0018,16.66,18.64,39.45,True,37.7764475,-122.4173583,10,0.88,37.7764508,-122.4172888,13.48,0.8412
21.31,-0.4943,0.1639,9.5346,0.0382,-0.025,0.0018,16.66,18.64,39.91,True,37.7764888,-122.4172765,11,1.27,37.7764589,-122.4172773,13.45,0.8413
21.41,0.8924,0.1236,10.2653,-0.0277,0.0468,0.0018,16.66,18.64,39.2,True,37.776511,-122.4172982,10,1.07,37.7764669,-122.417266,13.42,0.8415
21.51,-0.4589,-0.1727,10.0535,-0.0234,0.0079,0.0018,16.65,18.64,40.24,True,37.7764561,-122.4172392,8,1.32,37.7764751,-122.4172544,13.66,0.8417
21.61,-2.6823,0.0907,9.4986,-0.0092,-0.0267,0.0018,16.65,18.65,40.57,True,37.7764961,-122.4172356,11,1.36,37.7764831,-122.417243,13.35,0.8419
21.71,-0.219,0.0436,9.4247,0.0119,0.0083,0.0018,16.65,18.65,40.05,True,37.7764544,-122.4172119,11,0.93,37.776491,-122.4172319,13.15,0.8421
21.81,1.4461,0.0219,9.8405,-0.0117,-0.0032,0.0018,16.64,18.65,39.84,True,37.7764457,-122.4171676,8,1.18,37.7764989,-122.4172206,13.34,0.8423
21.91,-0.4579,-0.0362,9.7297,0.0423,-0.007,0.0018,16.64,18.66,39.87,True,37.7765517,-122.4172081,11,1.08,37.776507,-122.4172092,13.4,0.8424
22.01,0.7057,0.03,10.1881,-0.0091,-0.0002,0.0018,16.64,18.66,39.96,True,37.7764968,-122.4171714,9,1.27,37.7765149,-122.4171979,13.25,0.8426
22.11,1.3641,0.106,9.7451,0.0113,-0.0315,0.0018,16.63,18.66,39.53,True,37.7765315,-122.4171784,8,1.0,37.776523,-122.4171864,13.59,0.8428
22.21,0.6318,-0.0432,9.3157,-0.0041,0.0014,0.0018,16.63,18.67,39.62,True,37.7765205,-122.4171178,8,0.93,37.7765311,-122.4171749,13.5,0.843
22.31,-0.4885,0.0049,9.8649,-0.019,0.0193,0.0018,16.63,18.67,39.71,True,37.7765892,-122.4171523,10,1.14,37.7765393,-122.4171633,13.71,0.8432
22.41,0.4137,-0.0106,9.8796,-0.0021,0.0182,0.0018,16.62,18.67,40.08,True,37.7765717,-122.4171923,10,1.36,37.7765474,-122.4171518,13.47,0.8433
22.51,0.448,0.2514,9.9604,0.0266,0.0407,0.0018,16.62,18.67,39.48,True,37.7765568,-122.4171514,10,1.1,37.7765556,-122.4171401,13.81,0.8435
22.61,-0.5603,-0.0244,9.476,0.0188,0.0011,0.0018,16.62,18.68,39.81,True,37.7765627,-122.4171599,9,1.37,37.7765637,-122.4171286,13.54,0.8437
22.71,1.3642,0.0095,9.4942,-0.0099,-0.0263,0.0018,16.61,18.68,40.12,True,37.7765237,-122.4171548,11,1.1,37.7765719,-122.4171168,13.78,0.8439
22.81,-0.2418,0.0783,9.3051,0.0079,-0.0326,0.0018,16.61,18.68,40.34,True,37.7766146,-122.4170594,8,1.33,37.7765802,-122.4171051,13.81,0.8441
22.91,-0.6519,-0.0017,10.0829,-0.0084,0.0051,0.0018,16.61,18.69,39.38,True,37.7765124,-122.417109,9,1.19,37.7765884,-122.4170934,13.76,0.8442
23.01,0.6481,-0.0048,10.0653,0.0238,-0.0065,0.0018,16.6,18.69,40.1,True,37.7766097,-122.4170441,10,0.8,37.7765966,-122.4170818,13.68,0.8444
23.11,-1.5363,0.049,9.8748,0.0081,0.0262,0.0018,16.6,18.69,39.06,True,37.7766355,-122.4171102,9,1.06,37.7766049,-122.41707,13.87,0.8446
23.21,-1.3805,-0.0593,9.8955,0.0009,0.0196,0.0018,16.6,18.7,39.87,True,37.7766544,-122.4171337,10,1.39,37.7766129,-122.4170586,13.41,0.8448
23.31,1.4573,0.1216,10.2813,-0.0237,-0.0047,0.0018,16.59,18.7,39.41,True,37.7766217,-122.4170526,8,1.33,37.776621,-122.417047,13.57,0.845
23.41,3.4426,0.0371,9.6154,0.0042,0.0452,0.0018,16.59,18.7,39.09,True,37.7766145,-122.4170671,9,1.06,37.7766292,-122.4170354,13.69,0.8451
23.51,-0.4135,0.0824,10.059,0.0167,0.0146,0.0018,16.59,18.7,40.23,True,37.7766388,-122.4170221,10,1.23,37.7766376,-122.4170232,14.24,0.8453
23.61,-4.6195,-0.0294,10.0041,-0.005,-0.0093,0.0018,16.58,18.71,39.79,True,37.7766433,-122.4170092,8,1.17,37.7766458,-122.4170116,13.63,0.8455
23.71,-0.8711,-0.0154,9.6772,-0.0128,0.0045,0.0018,16.58,18.71,40.27,True,37.7766522,-122.416996,10,1.18,37.7766537,-122.4170003,13.34,0.8457
23.81,2.034,-0.1508,9.9463,-0.0262,-0.0077,0.0018,16.58,18.71,40.94,True,37.7766719,-122.4169675,8,1.18,37.7766618,-122.4169888,13.46,0.8458
23.91,1.0823,0.0135,9.384,0.0009,-0.0058,0.0018,16.57,18.72,39.91,True,37.7767165,-122.4169959,11,1.01,37.77667,-122.416977,13.81,0.846
24.01,-0.6747,-0.0367,9.5694,0.0031,0.0179,0.0018,16.57,18.72,39.88,True,37.776732,-122.4169577,8,1.25,37.7766782,-122.4169654,13.67,0.8462
24.11,1.2915,0.0955,9.9447,0.0175,0.002,0.0018,16.57,18.72,39.41,True,37.776685,-122.4169501,9,0.99,37.7766863,-122.4169537,13.66,0.8464
24.21,0.0141,0.1064,9.9169,-0.0168,0.015,0.0018,16.56,18.73,39.06,True,37.7767336,-122.4169675,10,0.95,37.7766946,-122.4169419,13.89,0.8466
24.31,0.6522,0.0155,10.3183,-0.018,-0.0102,0.0018,16.56,18.73,39.8,True,37.7766672,-122.4168424,8,0.92,37.7767027,-122.4169303,13.67,0.8467
24.41,-0.1515,-0.2134,9.9394,0.0175,-0.0049,0.0018,16.56,18.73,40.21,True,37.7766955,-122.4169044,9,1.14,37.776711,-122.4169183,13.99,0.8469
24.51,-2.2278,-0.0657,9.8069,0.0169,-0.0334,0.0018,16.55,18.73,40.57,True,37.7767067,-122.4169171,11,1.3,37.7767192,-122.4169067,13.64,0.8471
24.61,1.1372,0.1347,9.6001,-0.0042,-0.0134,0.0018,16.55,18.74,39.95,True,37.7766924,-122.4168937,10,0.96,37.7767273,-122.4168951,13.58,0.8473
24.71,-0.3141,0.0549,9.3779,0.0077,0.0633,0.0018,16.55,18.74,39.72,True,37.7767012,-122.4168896,8,0.96,37.7767355,-122.4168833,13.86,0.8474
24.81,-1.135,0.0204,9.7303,0.0115,0.0254,0.0018,16.54,18.74,40.71,True,37.7767725,-122.4168605,8,1.23,37.7767436,-122.4168717,13.54,0.8476
24.91,2.5291,-0.1277,10.1144,-0.0125,-0.006,0.0018,16.54,18.75,39.79,True,37.7767189,-122.4168703,11,0.87,37.7767517,-122.4168601,13.67,0.8478
25.01,-0.2477,0.0112,9.9657,0.0074,0.026,0.0018,16.54,18.75,39.16,True,37.7767296,-122.4168739,8,0.92,37.7767601,-122.4168481,14.06,0.848
25.11,-0.8122,0.1365,9.4694,-0.0104,0.0235,0.0018,16.53,18.75,40.43,True,37.7768077,-122.4168093,8,0.87,37.7767682,-122.4168364,13.64,0.8481
25.21,2.4411,0.1217,9.8376,0.0134,-0.022,0.0018,16.53,18.75,39.97,True,37.7767806,-122.416836,8,1.29,37.7767764,-122.4168246,13.84,0.8483
25.31,1.0221,0.1556,9.8299,0.0264,-0.0224,0.0018,16.53,18.76,40.18,True,37.7768026,-122.4168185,11,0.97,37.7767848,-122.4168125,14.18,0.8485
25.41,-1.7884,0.0216,9.7073,-0.0035,-0.0089,0.0017,16.52,18.76,40.28,True,37.7767852,-122.4167846,8,1.03,37.7767932,-122.4168005,14.08,0.8487
25.51,-2.4798,0.0691,9.6928,-0.0032,-0.0022,0.0017,16.52,18.76,39.82,True,37.7768419,-122.4168302,10,0.96,37.7768014,-122.4167887,13.83,0.8488
25.61,-0.5562,-0.074,9.5882,-0.0006,0.0065,0.0017,16.52,18.77,40.16,True,37.7768183,-122.4167597,9,1.23,37.7768095,-122.4167771,13.58,0.849
25.71,-0.4559,0.0266,9.3025,0.0044,-0.0039,0.0017,16.51,18.77,40.06,True,37.7768051,-122.4167532,8,0.86,37.7768177,-122.4167653,13.77,0.8492
25.81,-1.795,-0.0622,9.7971,-0.0316,-0.0191,0.0017,16.51,18.77,39.51,True,37.7767915,-122.4167593,9,0.86,37.7768257,-122.4167538,13.47,0.8494
25.91,0.7949,0.0989,10.2734,-0.0133,0.0194,0.0017,16.51,18.77,39.44,True,37.7768057,-122.4167463,11,1.27,37.7768336,-122.4167424,13.4,0.8495
26.01,3.2939,-0.103,10.0158,-0.0029,-0.0077,0.0017,16.5,18.78,40.76,True,37.7768292,-122.41672,9,1.08,37.7768417,-122.4167307,13.63,0.8497
26.11,0.0963,0.1897,9.7274,0.0224,0.0101,0.0017,16.5,18.78,39.25,True,37.7768304,-122.4167303,8,1.36,37.7768501,-122.4167187,14.07,0.8499
26.21,-0.1877,-0.0794,9.4344,-0.0368,-0.0178,0.0017,16.5,18.78,39.42,True,37.7768505,-122.4167826,10,1.34,37.7768582,-122.416707,13.69,0.8501
26.31,1.3578,0.1124,9.4627,-0.0216,-0.0262,0.0017,16.5,18.79,40.49,True,37.7768156,-122.4166867,9,1.23,37.7768665,-122.416695,14.04,0.8502
26.41,-1.1146,-0.0306,9.1663,0.0257,0.0274,0.0017,16.49,18.79,40.34,True,37.7768769,-122.4166752,11,1.23,37.7768748,-122.4166831,13.94,0.8504
26.51,-1.1147,-0.026,9.9217,0.0016,-0.0031,0.0017,16.49,18.79,40.92,True,37.7768897,-122.4166323,8,1.37,37.776883,-122.4166713,13.76,0.8506
26.61,0.1343,0.0599,10.1153,0.0143,-0.0395,0.0017,16.49,18.79,39.38,True,37.7769243,-122.4166038,11,1.05,37.7768911,-122.4166596,13.72,0.8508
26.71,1.3789,-0.0166,9.6233,0.0045,-0.0197,0.0017,16.48,18.8,39.82,True,37.7768885,-122.4166703,8,1.37,37.7768993,-122.4166478,13.79,0.8509
26.81,0.7638,-0.0633,10.2347,-0.0125,-0.0189,0.0017,16.48,18.8,39.74,True,37.7769252,-122.4165878,9,0.95,37.7769076,-122.4166358,13.99,0.8511
26.91,-0.827,-0.1113,9.3526,-0.0093,-0.0343,0.0017,16.48,18.8,39.82,True,37.7768968,-122.4166374,9,1.04,37.7769158,-122.4166239,13.93,0.8513
27.02,-0.7588,0.0216,9.48,0.0337,-0.0219,0.0017,16.47,18.81,39.71,True,37.7769482,-122.4166653,8,0.91,37.776924,-122.416612,13.84,0.8514
27.12,-0.7875,0.0493,10.1831,0.0198,-0.0091,0.0017,16.47,18.81,39.63,True,37.776965,-122.4165486,10,1.22,37.7769322,-122.4166003,13.75,0.8516
27.22,0.5661,0.1572,9.6482,-0.0299,-0.0006,0.0017,16.47,18.81,39.51,True,37.7769413,-122.4166274,8,1.07,37.7769403,-122.4165885,13.69,0.8518
27.32,0.2996,0.1328,9.9823,-0.01,0.0336,0.0017,16.46,18.81,39.71,True,37.7769406,-122.416589,8,0.83,37.7769485,-122.4165767,13.87,0.852
27.42,-1.0374,-0.0622,9.4547,0.0151,-0.0227,0.0017,16.46,18.82,39.83,True,37.7769876,-122.4165609,9,1.39,37.7769567,-122.4165649,13.77,0.8521
27.52,1.0789,0.0838,10.1689,-0.0022,-0.0161,0.0017,16.46,18.82,41.25,True,37.7769554,-122.4165322,10,1.34,37.7769647,-122.4165532,13.65,0.8523
27.62,2.1056,0.1007,9.804,0.0334,0.049,0.0017,16.45,18.82,40.69,True,37.7769972,-122.4165444,8,1.23,37.7769731,-122.4165411,14.03,0.8525
27.72,-2.0778,-0.1282,10.2271,0.0087,-0.0044,0.0017,16.45,18.83,39.54,True,37.776968,-122.4165398,10,0.84,37.7769814,-122.4165291,14.08,0.8526
27.82,-1.5074,0.1605,9.5248,0.007,0.0122,0.0017,16.45,18.83,39.64,True,37.7769894,-122.4164896,10,1.11,37.7769894,-122.4165174,13.61,0.8528
27.92,2.1145,0.0946,9.5784,-0.0106,0.0022,0.0017,16.44,18.83,40.09,True,37.7770157,-122.4164925,9,1.38,37.7769976,-122.4165056,13.76,0.853
28.02,2.3252,-0.1512,9.9051,-0.0074,0.0031,0.0017,16.44,18.83,38.92,True,37.7770029,-122.4165781,8,1.06,37.7770059,-122.4164936,14.03,0.8531
28.12,0.0342,-0.04,9.3272,0.0127,0.0204,0.0017,16.44,18.84,39.37,True,37.777021,-122.4165194,11,0.86,37.7770142,-122.4164815,14.14,0.8533
28.22,-1.6761,0.1126,9.829,-0.0035,0.0241,0.0017,16.43,18.84,40.86,True,37.7770993,-122.4164918,10,1.36,37.7770225,-122.4164695,14.01,0.8535
28.32,0.7267,-0.1047,9.5828,-0.0024,0.0051,0.0017,16.43,18.84,39.49,True,37.777029,-122.4164867,10,1.05,37.7770307,-122.4164576,13.79,0.8537
28.42,0.8879,-0.1012,9.5994,-0.0111,0.0102,0.0017,16.43,18.84,39.45,True,37.7769893,-122.41645,8,1.27,37.777039,-122.4164455,14.17,0.8538
28.52,-3.4028,-0.0768,9.172,0.0091,0.0119,0.0017,16.42,18.85,40.59,True,37.7770749,-122.4164773,8,1.38,37.7770473,-122.4164335,13.98,0.854
28.62,0.6461,0.0035,9.7909,-0.0192,0.0183,0.0017,16.42,18.85,39.72,True,37.7770281,-122.4164452,8,1.05,37.7770553,-122.4164219,13.53,0.8542
28.72,1.8336,0.1772,9.5538,0.027,0.0096,0.0017,16.42,18.85,39.65,True,37.7770803,-122.4163884,8,0.98,37.7770636,-122.4164098,14.11,0.8543
28.82,0.1567,0.1491,9.6912,0.0074,-0.0303,0.0017,16.42,18.86,40.04,True,37.7770928,-122.4164181,8,1.32,37.7770718,-122.4163979,13.89,0.8545
28.92,0.8371,-0.0561,10.3831,0.0139,0.0188,0.0017,16.41,18.86,39.98,True,37.777082,-122.4164031,10,1.22,37.7770801,-122.4163858,14.09,0.8547
29.02,0.6088,-0.2263,9.7405,0.0054,-0.0233,0.0017,16.41,18.86,40.31,True,37.7771654,-122.4163122,10,0.92,37.7770884,-122.4163737,14.01,0.8548
29.12,-0.4031,-0.009,9.422,0.0088,-0.0135,0.0017,16.41,18.86,40.68,True,37.7771534,-122.41639,11,1.14,37.7770968,-122.4163616,14.17,0.855
29.22,-1.931,-0.0388,9.7144,-0.0102,-0.0103,0.0017,16.4,18.87,39.79,True,37.7771293,-122.4163485,8,1.16,37.777105,-122.4163496,13.93,0.8552
29.32,0.2947,-0.1228,9.5851,0.0178,0.0192,0.0017,16.4,18.87,39.87,True,37.7770839,-122.4163251,11,0.88,37.7771131,-122.4163378,13.76,0.8553
29.42,1.7539,0.1875,10.0248,0.0274,0.004,0.0017,16.4,18.87,39.81,True,37.7771636,-122.4163431,10,1.3,37.7771213,-122.4163258,13.95,0.8555
29.52,0.1772,-0.083,9.5632,0.0065,0.0432,0.0017,16.39,18.88,39.59,True,37.777166,-122.4163084,11,0.95,37.7771296,-122.4163137,14.05,0.8557
29.62,-0.6479,-0.0679,9.6105,-0.037,0.0035,0.0017,16.39,18.88,40.0,True,37.7771245,-122.4162965,11,0.92,37.7771379,-122.4163017,14.05,0.8558
29.72,-0.905,-0.019,10.0891,0.0417,-0.0221,0.0017,16.39,18.88,39.66,True,37.7771118,-122.4162931,9,0.92,37.7771461,-122.4162897,13.94,0.856
29.82,-0.1276,-0.1705,10.2428,0.0121,-0.0204,0.0017,16.38,18.88,40.15,True,37.777099,-122.4162857,8,0.97,37.7771543,-122.4162778,13.83,0.8562
29.92,-1.3304,0.0994,10.1679,-0.0278,0.0184,0.0017,16.38,18.89,40.67,True,37.77717,-122.4162437,10,1.09,37.7771625,-122.4162659,13.9,0.8563
30.02,0.9623,0.04,9.7494,-0.0236,-0.0179,0.0017,16.38,18.89,39.76,True,37.7771422,-122.4162165,11,1.32,37.7771705,-122.4162542,13.6,0.8565
30.12,3.114,-0.0014,10.2818,-0.0176,0.0105,0.0016,16.37,18.89,39.89,True,37.777165,-122.4162267,10,1.4,37.7771788,-122.416242,14.11,0.8567
30.22,0.8202,0.1125,10.2244,-0.0306,0.0223,0.0016,16.37,18.89,39.98,True,37.7771775,-122.4162559,11,1.14,37.7771872,-122.4162298,14.22,0.8568
30.32,-1.0945,-0.0771,9.4477,0.0196,0.0176,0.0016,16.37,18.9,41.05,True,37.7772174,-122.4162234,11,1.36,37.7771956,-122.4162175,14.3,0.857
30.42,-0.8835,-0.072,9.7244,-0.0087,-0.0532,0.0016,16.36,18.9,40.19,True,37.7772196,-122.4162293,11,1.07,37.7772038,-122.4162055,14.01,0.8572
30.52,0.7451,-0.1304,10.057,0.0092,-0.0239,0.0016,16.36,18.9,40.59,True,37.7771988,-122.4162,11,1.29,37.7772122,-122.4161933,14.14,0.8573
30.62,0.3332,0.0218,10.1711,0.0178,-0.0199,0.0016,16.36,18.9,40.19,True,37.7772492,-122.4161889,9,1.37,37.7772205,-122.4161811,14.13,0.8575
30.72,1.4281,0.0839,9.3999,0.0109,0.0156,0.0016,16.36,18.91,39.35,True,37.7772232,-122.4161599,8,1.25,37.7772288,-122.4161689,14.2,0.8576
30.82,-0.0499,0.0357,9.9864,-0.0341,0.0251,0.0016,16.35,18.91,39.65,True,37.7772303,-122.4161504,9,1.21,37.7772373,-122.4161565,14.44,0.8578
30.92,-1.6881,-0.0217,10.0209,0.0113,-0.0074,0.0016,16.35,18.91,40.21,True,37.7772248,-122.4160828,9,1.15,37.7772457,-122.4161443,14.2,0.858
31.02,-0.2826,0.1942,10.1115,0.0069,-0.0148,0.0016,16.35,18.92,40.18,True,37.777215,-122.4160919,8,0.96,37.777254,-122.4161321,14.1,0.8581
31.12,-0.5697,-0.1167,9.899,0.0229,0.0146,0.0016,16.34,18.92,39.69,True,37.7772976,-122.4161071,8,1.19,37.7772623,-122.41612,14.11,0.8583
31.22,-0.4117,0.105,10.3525,0.01,-0.0235,0.0016,16.34,18.92,39.13,True,37.7773187,-122.4161383,11,1.04,37.7772705,-122.4161079,13.98,0.8585
31.32,0.4763,0.1182,9.6647,0.0186,0.0023,0.0016,16.34,18.92,40.87,True,37.7773188,-122.4160588,10,1.15,37.7772787,-122.4160959,14.04,0.8586
31.42,0.2841,-0.0903,9.5606,0.0366,-0.0213,0.0016,16.33,18.93,40.11,True,37.7772292,-122.4160756,11,1.25,37.777287,-122.4160837,14.09,0.8588
31.52,-0.6176,0.0198,9.8348,0.0197,0.0411,0.0016,16.33,18.93,40.41,True,37.7773282,-122.4160543,8,1.02,37.7772953,-122.4160716,14.04,0.8589
31.62,-1.5529,-0.1763,9.7713,0.0197,0.0003,0.0016,16.33,18.93,40.16,True,37.7772609,-122.4160881,9,1.21,37.7773035,-122.4160596,13.97,0.8591
31.72,2.3321,-0.081,10.1958,0.0253,-0.0179,0.0016,16.32,18.93,39.7,True,37.7772784,-122.4160754,8,1.06,37.7773115,-122.4160478,13.68,0.8593
31.82,1.6235,-0.0937,9.7106,0.02,-0.0057,0.0016,16.32,18.94,40.22,True,37.7773001,-122.4160436,11,0.9,37.77732,-122.4160354,14.44,0.8594
31.92,-2.5669,0.0319,9.4818,-0.0198,0.0339,0.0016,16.32,18.94,39.41,True,37.7773119,-122.4160227,8,1.3,37.7773282,-122.4160233,14.03,0.8596
32.02,-1.585,-0.0024,10.1786,-0.0107,0.0009,0.0016,16.32,18.94,39.81,True,37.7773232,-122.4159983,9,1.29,37.7773364,-122.4160113,13.92,0.8597
32.12,0.6973,-0.0191,9.856,0.0163,0.007,0.0016,16.31,18.94,40.11,True,37.7773607,-122.4160116,11,0.88,37.7773445,-122.4159994,13.75,0.8599
32.22,1.2569,0.0561,9.455,0.0221,0.0064,0.0016,16.31,18.95,40.31,True,37.7773112,-122.4159557,11,1.0,37.7773527,-122.4159873,14.04,0.8601
32.32,-1.0875,0.1037,10.2102,0.0025,-0.0151,0.0016,16.31,18.95,40.41,True,37.77735,-122.4159459,8,1.06,37.7773609,-122.4159752,14.02,0.8602
32.42,0.593,-0.085,9.6367,0.0097,0.0019,0.0016,16.3,18.95,40.53,True,37.7773606,-122.4159566,10,0.86,37.7773691,-122.4159632,13.89,0.8604
32.52,0.5658,-0.047,9.8392,-0.0217,0.0179,0.0016,16.3,18.95,39.91,True,37.7773342,-122.4159376,11,1.22,37.7773774,-122.415951,14.14,0.8605
32.62,-2.5352,0.0393,10.2048,-0.0228,0.0353,0.0016,16.3,18.96,39.2,True,37.7774015,-122.4158978,8,1.17,37.7773856,-122.4159389,14.03,0.8607
32.72,-0.759,0.0076,9.6887,-0.0353,-0.0024,0.0016,16.29,18.96,40.13,True,37.7773309,-122.4159392,11,1.03,37.7773936,-122.4159271,13.67,0.8609
32.82,1.6846,0.1654,9.622,0.0086,-0.0292,0.0016,16.29,18.96,40.87,True,37.7774349,-122.41594,8,1.14,37.7774017,-122.4159151,13.87,0.861
32.92,1.7156,0.1351,9.4596,-0.0001,-0.0064,0.0016,16.29,18.97,39.62,True,37.7774236,-122.4159055,10,1.1,37.7774099,-122.415903,14.03,0.8612
33.02,-0.8257,0.1746,9.8396,0.0326,0.0377,0.0016,16.29,18.97,40.03,True,37.7773981,-122.4159388,8,1.29,37.7774183,-122.4158908,14.19,0.8613
33.12,-0.395,0.0977,10.0013,-0.0039,-0.0383,0.0016,16.28,18.97,40.16,True,37.7774324,-122.4157983,8,1.39,37.7774264,-122.4158788,13.88,0.8615
33.22,1.2788,-0.1737,10.3302,-0.0046,0.0303,0.0016,16.28,18.97,39.15,True,37.7774223,-122.415867,10,1.12,37.7774346,-122.4158667,14.06,0.8617
33.32,0.0358,-0.134,9.6032,-0.0243,-0.02,0.0016,16.28,18.98,40.86,True,37.7773724,-122.415873,11,1.05,37.7774429,-122.4158545,14.12,0.8618
33.42,-0.2685,0.0003,9.9934,-0.0185,0.01,0.0016,16.27,18.98,39.96,True,37.7774557,-122.4158052,9,0.93,37.7774511,-122.4158423,14.12,0.862
33.52,-0.8688,-0.0931,9.6231,-0.0075,0.0124,0.0016,16.27,18.98,40.02,True,37.7774193,-122.4158503,10,1.31,37.7774594,-122.4158301,14.07,0.8621
33.62,-1.1842,0.0067,9.4611,-0.0319,-0.0411,0.0016,16.27,18.98,39.44,True,37.7774489,-122.4157882,11,0.99,37.7774675,-122.4158181,13.94,0.8623
33.72,0.8633,0.1181,9.9147,-0.0092,-0.005,0.0016,16.26,18.99,40.18,True,37.7774781,-122.4157574,8,1.22,37.7774756,-122.4158061,13.83,0.8624
33.82,-1.2813,-0.0819,9.4786,0.0427,0.0012,0.0016,16.26,18.99,40.07,True,37.7774753,-122.4157905,9,0.94,37.7774839,-122.4157939,14.14,0.8626
33.92,-0.2888,-0.0353,9.7774,-0.0087,0.0048,0.0016,16.26,18.99,39.57,True,37.7775161,-122.4158068,9,1.01,37.7774918,-122.4157822,13.57,0.8628
34.02,1.751,-0.0398,9.6254,0.0008,0.0038,0.0016,16.26,18.99,39.83,True,37.7775595,-122.4157856,8,1.31,37.7775001,-122.41577,14.08,0.8629
34.12,-0.1138,0.1468,10.0156,0.0052,0.0486,0.0016,16.25,19.0,40.01,True,37.7774774,-122.4157199,11,1.28,37.7775082,-122.415758,13.94,0.8631
34.22,1.3118,-0.1074,9.5132,-0.0094,0.0045,0.0016,16.25,19.0,40.41,True,37.7775158,-122.4156868,11,1.19,37.7775164,-122.4157458,14.03,0.8632
34.32,-0.4819,0.0095,9.6413,0.0099,0.007,0.0015,16.25,19.0,40.49,True,37.7774581,-122.4157406,9,1.2,37.7775247,-122.4157336,14.18,0.8634
34.42,-2.3134,0.2301,9.3797,-0.0095,-0.0287,0.0015,16.24,19.0,39.89,True,37.7774758,-122.4157136,9,1.06,37.7775329,-122.4157215,13.93,0.8635
34.52,0.4655,0.0411,9.5955,-0.0077,-0.0317,0.0015,16.24,19.01,40.04,True,37.777608,-122.4157344,10,1.23,37.7775409,-122.4157096,13.76,0.8637
34.62,-0.7406,0.0377,9.9531,-0.0362,0.0091,0.0015,16.24,19.01,41.08,True,37.7775488,-122.415649,9,0.97,37.777549,-122.4156975,13.97,0.8638
34.72,1.4088,0.0941,9.4131,-0.0121,0.0222,0.0015,16.24,19.01,39.45,True,37.7775351,-122.415694,8,0.95,37.777557,-122.4156857,13.63,0.864
34.82,1.935,0.2161,9.3085,-0.0092,0.0054,0.0015,16.23,19.01,39.98,True,37.7775188,-122.4156502,11,1.27,37.7775653,-122.4156734,14.23,0.8641
34.92,-1.7576,0.1029,9.6433,0.0085,-0.004,0.0015,16.23,19.02,40.59,True,37.7775564,-122.4156435,10,1.02,37.7775735,-122.4156613,14.02,0.8643
35.02,-2.2292,0.0619,9.8064,0.0139,0.036,0.0015,16.23,19.02,39.08,True,37.7776089,-122.4155878,11,1.09,37.7775816,-122.4156493,13.82,0.8645
35.12,0.0017,0.0335,9.7111,0.0141,0.004,0.0015,16.22,19.02,39.69,True,37.7775349,-122.4156026,10,1.13,37.7775895,-122.4156375,13.61,0.8646
35.22,0.4159,-0.1756,9.9669,0.0007,0.0077,0.0015,16.22,19.02,38.83,True,37.777574,-122.4156233,8,1.05,37.7775976,-122.4156256,13.83,0.8648
35.32,0.0007,0.1241,9.5681,0.0037,0.0026,0.0015,16.22,19.03,39.53,True,37.7776622,-122.4156228,11,1.22,37.7776056,-122.4156137,13.68,0.8649
35.42,1.296,0.0641,9.3723,-0.0048,0.023,0.0015,16.21,19.03,39.56,True,37.777629,-122.4156367,11,1.31,37.7776136,-122.4156018,13.83,0.8651
35.52,0.7776,-0.1197,10.2852,0.003,0.0152,0.0015,16.21,19.03,39.54,True,37.7776394,-122.4156052,10,1.3,37.7776217,-122.4155897,13.92,0.8652
35.62,0.4915,-0.1119,9.5837,-0.0121,-0.0012,0.0015,16.21,19.03,39.81,True,37.7775639,-122.4155699,10,1.33,37.7776299,-122.4155775,14.04,0.8654
35.72,-0.8761,-0.0392,9.6384,0.021,0.0124,0.0015,16.21,19.04,39.39,True,37.7776557,-122.4155849,9,1.02,37.7776381,-122.4155654,13.99,0.8655
35.82,-0.6281,-0.0462,10.2134,0.0279,0.0017,0.0015,16.2,19.04,39.42,True,37.7776463,-122.4155544,9,1.15,37.7776462,-122.4155534,13.88,0.8657
35.92,-2.9809,0.0911,10.1285,0.0512,0.0106,0.0015,16.2,19.04,39.66,True,37.7775968,-122.4155256,10,1.35,37.7776543,-122.4155414,13.88,0.8658
36.02,1.0199,0.0899,10.0384,-0.0106,-0.0001,0.0015,16.2,19.04,40.84,True,37.7775996,-122.415534,8,1.31,37.777662,-122.4155298,13.32,0.866
36.12,2.6906,-0.0153,9.5668,0.0097,-0.0051,0.0015,16.19,19.05,39.1,True,37.7776865,-122.4154871,10,0.92,37.7776702,-122.4155176,14.08,0.8661
36.22,-2.8498,0.1854,9.8764,0.0598,-0.012,0.0015,16.19,19.05,39.78,True,37.7776831,-122.4155547,9,0.98,37.7776783,-122.4155056,13.87,0.8663
36.32,0.2646,-0.0489,10.1515,-0.0253,-0.034,0.0015,16.19,19.05,40.01,True,37.7776973,-122.4155271,9,1.39,37.7776861,-122.415494,13.43,0.8664
36.42,1.7157,0.0965,10.2479,-0.0175,-0.0206,0.0015,16.19,19.05,38.77,True,37.7776695,-122.4155211,8,0.81,37.7776942,-122.4154819,13.9,0.8666
36.52,-1.8607,-0.0099,9.7913,-0.0104,-0.0097,0.0015,16.18,19.06,40.41,True,37.7776773,-122.4154908,11,0.87,37.7777022,-122.4154699,13.79,0.8667
36.62,2.2089,0.0047,9.5678,0.0306,0.0163,0.0015,16.18,19.06,39.5,True,37.777725,-122.4154186,10,0.93,37.7777101,-122.4154582,13.53,0.8669
36.72,1.209,0.1445,9.7735,0.0081,-0.0275,0.0015,16.18,19.06,40.16,True,37.777719,-122.4154535,9,1.05,37.7777184,-122.4154459,14.23,0.867
36.82,-4.4347,-0.1529,10.2629,0.0299,0.0016,0.0015,16.17,19.06,40.27,True,37.7777388,-122.4154163,11,0.85,37.7777264,-122.4154339,13.74,0.8672
36.92,0.6459,0.0934,9.9481,-0.0251,-0.0241,0.0015,16.17,19.06,40.26,True,37.777714,-122.4154141,11,0.85,37.7777342,-122.4154224,13.34,0.8673
37.02,2.3137,-0.0395,9.2552,0.0118,-0.0202,0.0015,16.17,19.07,39.55,True,37.7776925,-122.4153961,11,0.94,37.7777422,-122.4154103,13.87,0.8675
37.12,0.7727,-0.0509,9.677,-0.0336,0.0188,0.0015,16.17,19.07,40.33,True,37.7777512,-122.4153687,9,1.38,37.7777502,-122.4153984,13.79,0.8676
37.22,0.4724,-0.1558,9.8624,0.0445,0.022,0.0015,16.16,19.07,39.13,True,37.7777628,-122.4153809,8,1.32,37.7777584,-122.4153862,14.05,0.8678
37.32,0.3661,0.0615,9.5505,0.0058,-0.0084,0.0015,16.16,19.07,39.96,True,37.7778105,-122.4153559,8,1.21,37.7777665,-122.4153741,13.89,0.8679
37.42,-2.8013,0.0428,9.497,0.0251,-0.0258,0.0015,16.16,19.08,39.27,True,37.7777783,-122.4153793,8,0.87,37.7777747,-122.4153619,14.08,0.868
37.52,0.7778,-0.053,10.0376,0.0067,0.0127,0.0015,16.16,19.08,40.3,True,37.7777734,-122.4153493,9,1.29,37.7777824,-122.4153503,13.37,0.8682
37.62,1.6321,-0.0689,9.7003,0.0206,0.0187,0.0015,16.15,19.08,40.24,True,37.7777664,-122.4153386,9,1.29,37.7777907,-122.4153379,14.23,0.8683
37.72,-0.1007,-0.0019,9.2343,-0.0151,-0.0007,0.0015,16.15,19.08,40.02,True,37.7778367,-122.4154276,8,0.93,37.7777987,-122.415326,13.69,0.8685
37.82,1.1039,-0.075,9.6561,0.0122,0.0097,0.0015,16.15,19.09,39.32,True,37.7777947,-122.4152679,9,0.96,37.7778069,-122.4153137,14.22,0.8686
37.92,-1.3679,0.1044,9.5149,0.0019,0.0283,0.0015,16.14,19.09,39.69,True,37.7778589,-122.4153533,11,1.03,37.777815,-122.4153016,13.91,0.8688
38.02,-2.2286,-0.0276,9.4539,-0.0146,-0.0136,0.0014,16.14,19.09,39.71,True,37.7778384,-122.4153304,11,0.89,37.7778231,-122.4152895,13.94,0.8689
38.12,-1.3468,-0.1061,9.5682,0.0149,-0.0082,0.0014,16.14,19.09,39.64,True,37.7777932,-122.4153135,8,1.31,37.7778309,-122.4152778,13.47,0.8691
38.22,0.6336,0.0441,9.8129,0.0027,-0.0181,0.0014,16.14,19.1,40.18,True,37.7777835,-122.415247,9,1.03,37.7778389,-122.4152659,13.68,0.8692
38.32,-0.3039,0.0868,9.6991,0.0038,-0.0261,0.0014,16.13,19.1,39.07,True,37.7778885,-122.4152827,10,0.92,37.7778467,-122.4152541,13.58,0.8694
38.42,-0.3164,-0.0833,9.7166,0.0035,0.014,0.0014,16.13,19.1,40.06,True,37.7779169,-122.4151895,8,1.18,37.7778546,-122.4152422,13.62,0.8695
38.52,-0.0295,0.1419,9.9448,-0.0088,-0.0058,0.0014,16.13,19.1,40.09,True,37.7778179,-122.4152707,8,0.97,37.7778625,-122.4152305,13.51,0.8696
38.62,1.3225,0.138,9.684,-0.0251,0.0044,0.0014,16.12,19.1,40.31,True,37.7778388,-122.4152236,11,1.0,37.7778704,-122.4152186,13.66,0.8698
38.72,0.642,0.0839,10.3096,-0.0103,0.0038,0.0014,16.12,19.11,39.93,True,37.7779433,-122.4152016,8,1.11,37.7778784,-122.4152067,13.71,0.8699
38.82,-0.6983,0.0912,10.0282,0.0095,-0.0018,0.0014,16.12,19.11,39.44,True,37.7779626,-122.4151898,8,1.04,37.7778863,-122.4151947,13.74,0.8701
38.92,-0.7165,0.0176,9.7543,0.0203,0.0216,0.0014,16.12,19.11,39.64,True,37.7778576,-122.4151648,10,0.85,37.7778942,-122.4151829,13.62,0.8702
39.02,0.6323,0.0575,10.0075,0.0029,-0.017,0.0014,16.11,19.11,39.8,True,37.7778944,-122.4151583,9,1.37,37.7779021,-122.415171,13.61,0.8704
39.12,1.1577,-0.0126,9.5856,0.0075,0.0197,0.0014,16.11,19.12,40.11,True,37.7779704,-122.4151489,11,1.15,37.7779101,-122.4151591,13.74,0.8705
39.22,-0.2828,-0.1546,9.2197,-0.0393,0.0029,0.0014,16.11,19.12,39.99,True,37.7778667,-122.4151532,11,1.1,37.7779181,-122.415147,13.87,0.8706
39.32,-1.0811,-0.1038,9.7205,0.0076,-0.0449,0.0014,16.11,19.12,39.79,True,37.7779107,-122.4151559,11,1.25,37.777926,-122.4151351,13.67,0.8708
39.42,0.8393,0.1002,10.0705,0.003,-0.0022,0.0014,16.1,19.12,39.82,True,37.7779972,-122.4151482,8,1.24,37.777934,-122.4151232,13.7,0.8709
39.52,0.3661,0.0074,9.6842,0.0025,-0.0028,0.0014,16.1,19.13,40.14,True,37.7778746,-122.4151252,9,1.32,37.777942,-122.4151112,13.79,0.8711
39.62,-2.4881,-0.0898,10.1054,0.0085,-0.0039,0.0014,16.1,19.13,41.17,True,37.7778992,-122.4151353,8,0.99,37.7779499,-122.4150992,13.76,0.8712
39.72,-2.5541,0.0145,9.4817,0.0055,0.0421,0.0014,16.09,19.13,40.58,True,37.7779413,-122.4150488,8,1.16,37.7779576,-122.4150876,13.3,0.8713
39.82,1.6682,0.079,9.8896,0.0206,-0.0215,0.0014,16.09,19.13,40.19,True,37.7779676,-122.4150991,8,1.09,37.7779653,-122.4150761,13.26,0.8715
39.92,0.9867,0.0901,9.6762,0.0086,-0.0077,0.0014,16.09,19.13,40.45,True,37.7779647,-122.4150655,8,1.09,37.7779732,-122.4150642,13.62,0.8716
40.02,2.1724,-0.2518,9.2406,0.0063,0.0045,0.0014,16.09,19.14,39.98,True,37.7779784,-122.4150162,10,1.21,37.777981,-122.4150525,13.47,0.8718
40.12,1.1652,0.0522,9.8286,-0.0081,0.0071,0.0014,16.08,19.14,40.85,True,37.7779526,-122.4150423,9,1.26,37.7779891,-122.4150402,14.08,0.8719
40.22,-0.7414,-0.0197,9.7981,0.0155,0.0012,0.0014,16.08,19.14,40.15,True,37.7779846,-122.4150576,11,1.36,37.7779971,-122.4150283,13.73,0.872
40.32,-0.422,0.2196,10.3893,-0.0063,-0.0222,0.0014,16.08,19.14,39.89,True,37.7779636,-122.4150322,8,1.09,37.7780051,-122.4150161,13.92,0.8722
40.42,-1.3242,-0.1736,9.5263,-0.0091,-0.0384,0.0014,16.08,19.15,40.43,True,37.7780209,-122.4149922,11,0.96,37.778013,-122.4150043,13.62,0.8723
40.52,0.0164,0.179,9.8508,0.022,0.0135,0.0014,16.07,19.15,40.62,True,37.777975,-122.4149742,11,1.19,37.7780209,-122.4149924,13.68,0.8725
40.62,-2.2012,-0.0018,9.6779,-0.0107,-0.014,0.0014,16.07,19.15,39.81,True,37.7780245,-122.4149693,10,0.89,37.7780288,-122.4149805,13.61,0.8726
40.72,-0.0322,0.0165,9.6884,0.0322,-0.0053,0.0014,16.07,19.15,40.63,True,37.7780029,-122.4149628,9,1.16,37.7780364,-122.4149689,13.26,0.8727
40.82,0.0318,0.1175,9.5345,-0.012,0.0318,0.0014,16.07,19.15,40.67,True,37.7780459,-122.4149881,11,1.05,37.7780443,-122.414957,13.64,0.8729
40.92,-0.1466,0.047,9.7451,0.0165,-0.0027,0.0014,16.06,19.16,40.15,True,37.7780754,-122.4148944,8,1.09,37.778052,-122.4149454,13.31,0.873
41.02,1.7211,0.0241,10.228,0.0039,0.0009,0.0014,16.06,19.16,39.53,True,37.7780583,-122.4149111,9,0.93,37.7780599,-122.4149336,13.61,0.8731
41.12,-0.2893,0.0255,9.9225,0.0117,-0.0438,0.0014,16.06,19.16,39.9,True,37.7780421,-122.4149053,10,0.83,37.7780678,-122.4149217,13.64,0.8733
41.22,-0.4351,0.0124,9.7842,0.0162,-0.0665,0.0014,16.06,19.16,38.6,True,37.7780919,-122.4149306,9,1.09,37.7780756,-122.4149099,13.53,0.8734
41.32,-1.4326,-0.0085,10.0712,-0.0577,-0.0007,0.0014,16.05,19.17,39.83,True,37.7780552,-122.4148705,11,1.2,37.7780834,-122.414898,13.55,0.8736
41.42,-1.7549,0.0916,9.3774,0.011,0.0166,0.0014,16.05,19.17,40.12,True,37.778153,-122.4149049,9,1.15,37.778091,-122.4148865,13.23,0.8737
41.52,-0.0651,0.0581,9.6022,0.002,0.0197,0.0013,16.05,19.17,40.65,True,37.7781169,-122.4148643,10,1.11,37.7780987,-122.4148749,13.27,0.8738
41.62,-0.1025,0.0694,10.0683,0.0376,-0.0127,0.0013,16.04,19.17,40.1,True,37.7780824,-122.4148888,11,0.9,37.7781063,-122.4148634,13.21,0.874
41.72,0.5404,-0.1085,9.8678,0.0006,-0.0125,0.0013,16.04,19.17,39.54,True,37.7780623,-122.414853,8,0.94,37.778114,-122.4148518,13.26,0.8741
41.82,0.4429,-0.0562,9.7741,-0.0254,-0.0118,0.0013,16.04,19.18,40.36,True,37.7781024,-122.4148384,9,0.9,37.7781216,-122.4148402,13.29,0.8742
41.92,0.9039,0.2454,9.8098,0.0338,0.015,0.0013,16.04,19.18,39.6,True,37.7781467,-122.4148556,10,1.18,37.7781294,-122.4148285,13.38,0.8744
42.02,0.8944,0.125,9.7423,-0.0058,-0.0007,0.0013,16.03,19.18,40.01,True,37.7781088,-122.4147615,8,0.83,37.7781371,-122.4148168,13.42,0.8745
42.12,-0.4288,-0.2063,9.9744,0.0233,-0.0208,0.0013,16.03,19.18,39.69,True,37.7781751,-122.4148345,9,0.91,37.7781449,-122.414805,13.55,0.8746
42.22,-1.5039,0.0206,10.0431,-0.0188,0.0256,0.0013,16.03,19.18,39.78,True,37.7781859,-122.4147814,10,1.01,37.7781526,-122.4147933,13.36,0.8748
42.32,-0.1621,-0.123,9.7034,0.0016,-0.0029,0.0013,16.03,19.19,39.89,True,37.7781764,-122.4147782,10,0.96,37.7781602,-122.4147818,13.22,0.8749
42.42,1.9853,-0.095,10.3021,0.0111,-0.0103,0.0013,16.02,19.19,39.95,True,37.7781762,-122.4147464,11,1.36,37.7781679,-122.4147702,13.3,0.875
42.52,0.8118,0.1649,9.8229,-0.0247,0.0051,0.0013,16.02,19.19,40.36,True,37.7781418,-122.4147585,10,1.3,37.7781758,-122.4147583,13.61,0.8752
42.62,-1.4754,0.1977,9.6279,-0.0354,-0.0586,0.0013,16.02,19.19,40.18,True,37.7782242,-122.4146962,8,1.16,37.7781835,-122.4147465,13.48,0.8753
42.72,0.5112,-0.0313,9.8364,-0.0551,-0.0044,0.0013,16.02,19.2,39.93,True,37.7782039,-122.4147186,8,0.99,37.7781912,-122.4147349,13.34,0.8754
42.82,0.7441,-0.2283,10.1112,-0.0078,-0.0103,0.0013,16.01,19.2,39.89,True,37.77821,-122.4147244,9,0.88,37.778199,-122.414723,13.6,0.8756
42.92,1.5632,-0.0483,9.7221,0.0319,-0.0063,0.0013,16.01,19.2,39.48,True,37.7782139,-122.41478,8,1.38,37.7782068,-122.4147112,13.47,0.8757
43.02,-2.0058,0.0563,9.6589,-0.023,0.0182,0.0013,16.01,19.2,40.97,True,37.7782011,-122.4146923,8,1.0,37.7782148,-122.414699,13.92,0.8758
43.12,-2.655,0.0155,10.2247,-0.0193,0.0021,0.0013,16.01,19.2,40.12,True,37.7782408,-122.4146646,10,1.3,37.7782223,-122.4146876,13.06,0.8759
43.22,1.1346,-0.1465,9.5094,-0.0239,-0.0139,0.0013,16.0,19.21,41.15,True,37.7781916,-122.4146965,11,0.96,37.7782301,-122.4146759,13.39,0.8761
43.32,-0.8591,0.1352,10.037,-0.0093,0.0058,0.0013,16.0,19.21,40.2,True,37.7782155,-122.4146783,9,0.83,37.7782377,-122.4146643,13.27,0.8762
43.42,0.3182,-0.0257,9.6733,0.0158,-0.0104,0.0013,16.0,19.21,40.15,True,37.7781652,-122.4146268,9,1.07,37.7782453,-122.4146528,13.21,0.8763
43.52,-1.777,-0.0577,9.9821,0.0162,0.0043,0.0013,16.0,19.21,39.36,True,37.7782781,-122.4146301,9,1.32,37.7782529,-122.4146411,13.3,0.8765
43.62,-0.7191,0.0608,9.8804,0.0105,0.0066,0.0013,15.99,19.21,39.43,True,37.7782307,-122.4146056,8,1.2,37.7782604,-122.4146299,12.88,0.8766
43.72,3.6617,-0.1063,10.2856,0.0198,-0.0127,0.0013,15.99,19.22,39.46,True,37.7782791,-122.4146519,10,0.99,37.7782679,-122.4146183,13.19,0.8767
43.82,0.4942,0.1335,9.9526,-0.0164,-0.0035,0.0013,15.99,19.22,39.93,True,37.7782724,-122.4145892,9,1.04,37.7782758,-122.4146064,13.63,0.8768
43.92,-2.8846,-0.0179,9.6018,0.0023,0.0046,0.0013,15.99,19.22,39.95,True,37.7782756,-122.414557,8,1.25,37.7782834,-122.4145948,13.26,0.877
44.02,0.2045,0.0621,9.7656,0.0164,-0.0257,0.0013,15.98,19.22,40.34,True,37.7782376,-122.4146088,9,1.35,37.7782909,-122.4145834,13.09,0.8771
44.12,2.5454,0.0235,9.394,-0.0093,-0.0028,0.0013,15.98,19.22,39.61,True,37.7783604,-122.4145374,10,0.83,37.7782986,-122.4145717,13.34,0.8772
44.22,-0.0711,-0.0373,9.1852,-0.0054,0.0132,0.0013,15.98,19.23,39.5,True,37.7783392,-122.4146208,10,1.04,37.7783064,-122.4145598,13.57,0.8774
44.32,-1.7214,-0.115,9.8399,-0.0158,0.0048,0.0013,15.98,19.23,39.93,True,37.7783119,-122.4144924,10,0.87,37.7783141,-122.4145482,13.33,0.8775
44.42,-1.8344,0.1425,9.7732,-0.0196,-0.0078,0.0013,15.97,19.23,40.19,True,37.778315,-122.4145399,10,0.98,37.7783217,-122.4145366,13.24,0.8776
44.52,0.5617,-0.1146,9.801,0.0208,-0.0395,0.0013,15.97,19.23,39.93,True,37.7783038,-122.414504,9,0.83,37.7783291,-122.4145252,12.97,0.8777
44.62,1.2615,-0.0331,9.7875,-0.0067,0.0003,0.0013,15.97,19.23,39.24,True,37.7783885,-122.4144895,10,0.8,37.7783368,-122.4145135,13.38,0.8779
44.72,-0.5019,-0.1581,10.4276,0.0196,0.0124,0.0013,15.97,19.24,40.3,True,37.7783643,-122.4144512,10,1.34,37.7783444,-122.414502,13.19,0.878
44.82,1.3058,-0.0223,10.3399,0.0042,-0.0142,0.0012,15.97,19.24,40.28,True,37.7783296,-122.4145141,8,0.81,37.778352,-122.4144904,13.23,0.8781
44.92,-0.5414,0.1468,9.4445,-0.0077,0.0066,0.0012,15.96,19.24,41.01,True,37.7783784,-122.4144989,10,1.1,37.7783597,-122.4144786,13.42,0.8782
45.03,-1.6827,-0.1265,10.4399,-0.0009,0.0095,0.0012,15.96,19.24,40.61,True,37.7783212,-122.4145118,10,1.35,37.7783672,-122.4144671,13.15,0.8784
45.13,-0.5064,0.0223,9.6983,0.0235,-0.0025,0.0012,15.96,19.24,39.14,True,37.7783377,-122.4144315,10,0.81,37.7783747,-122.4144557,13.06,0.8785
45.23,-2.255,-0.0434,9.8607,0.0331,0.0167,0.0012,15.96,19.25,39.66,True,37.7784046,-122.4144274,8,0.96,37.7783822,-122.4144442,13.05,0.8786
45.33,-0.2707,0.0271,9.5991,-0.0032,-0.0076,0.0012,15.95,19.25,39.7,True,37.7783825,-122.4144366,10,0.84,37.7783895,-122.4144332,12.63,0.8787
45.43,2.9079,-0.06,9.9609,-0.0055,-0.0134,0.0012,15.95,19.25,40.68,True,37.7783979,-122.4143734,9,1.24,37.778397,-122.4144217,13.04,0.8789
45.53,-0.6128,-0.0113,10.2186,-0.0181,0.0113,0.0012,15.95,19.25,40.04,True,37.7784044,-122.414429,11,0.81,37.7784045,-122.4144102,13.2,0.879
45.63,-2.3396,0.0884,9.9518,0.0055,-0.0074,0.0012,15.95,19.25,41.08,True,37.7783929,-122.4144124,8,0.81,37.778412,-122.4143988,12.93,0.8791
45.73,-0.047,0.0143,9.812,-0.0051,0.0504,0.0012,15.94,19.26,40.16,True,37.7784295,-122.414435,8,1.26,37.7784193,-122.4143877,12.73,0.8792
45.83,-0.6398,0.0725,9.6768,-0.0025,-0.0449,0.0012,15.94,19.26,40.53,True,37.7784814,-122.4143613,8,1.05,37.7784267,-122.4143763,12.94,0.8793
45.93,0.4357,-0.0511,10.0423,-0.0047,0.0351,0.0012,15.94,19.26,39.94,True,37.778423,-122.4143356,9,1.35,37.7784339,-122.4143653,12.57,0.8795
46.03,2.6125,0.1378,9.6263,-0.0038,-0.0257,0.0012,15.94,19.26,39.43,True,37.7784112,-122.4143434,11,0.89,37.7784414,-122.4143539,13.04,0.8796
46.13,-1.5897,-0.1415,9.6423,0.0125,0.035,0.0012,15.93,19.26,40.24,True,37.7784875,-122.4143715,8,1.03,37.7784489,-122.4143424,13.14,0.8797
46.23,-0.9081,0.0803,9.2253,0.0341,0.0347,0.0012,15.93,19.27,40.95,True,37.778426,-122.4143357,9,1.35,37.7784562,-122.4143312,12.7,0.8798
46.33,2.6605,-0.1511,9.9679,0.0164,-0.0321,0.0012,15.93,19.27,40.55,True,37.7785033,-122.4143368,10,0.88,37.7784636,-122.4143199,12.95,0.88
46.43,2.1507,0.0747,10.0122,-0.0283,0.0069,0.0012,15.93,19.27,39.71,True,37.7784373,-122.4143589,10,1.23,37.7784711,-122.4143083,13.2,0.8801
46.53,-1.8758,0.0579,9.6738,-0.0144,-0.0278,0.0012,15.93,19.27,40.05,True,37.7784833,-122.4142793,8,1.38,37.7784788,-122.4142966,13.36,0.8802
46.63,-3.4777,0.247,9.6248,-0.0113,0.0029,0.0012,15.92,19.27,40.51,True,37.7784636,-122.4142964,10,0.9,37.7784862,-122.4142853,12.86,0.8803
46.73,-1.7139,0.1042,9.8849,0.0188,-0.0125,0.0012,15.92,19.28,40.01,True,37.7784728,-122.414272,11,1.15,37.7784934,-122.4142742,12.64,0.8804
46.83,1.199,0.0535,9.9641,0.0169,0.0188,0.0012,15.92,19.28,40.58,True,37.77851,-122.4142838,8,0.86,37.7785006,-122.4142632,12.56,0.8806
46.93,2.4497,-0.2024,9.9982,0.0287,0.0117,0.0012,15.92,19.28,39.61,True,37.7784735,-122.4142035,9,0.94,37.778508,-122.4142519,12.9,0.8807
47.03,1.5564,0.1796,9.8471,0.0224,-0.0055,0.0012,15.91,19.28,39.33,True,37.7784813,-122.4142184,10,1.34,37.7785155,-122.4142404,13.12,0.8808
47.13,-0.523,0.0307,10.3823,-0.0014,0.0027,0.0012,15.91,19.28,40.15,True,37.7785186,-122.4142432,11,0.9,37.778523,-122.4142288,13.18,0.8809
47.23,-2.8546,-0.0327,9.4534,0.0156,0.0276,0.0012,15.91,19.28,40.62,True,37.7785643,-122.4142183,11,1.07,37.7785305,-122.4142174,13.0,0.881
47.33,-2.556,-0.0586,10.1553,0.0097,-0.0083,0.0012,15.91,19.29,41.16,True,37.7785086,-122.414199,10,0.9,37.7785377,-122.4142064,12.56,0.8811
47.43,0.0494,0.0242,9.8698,0.0249,-0.0184,0.0012,15.9,19.29,39.02,True,37.7785588,-122.4142088,8,0.86,37.7785448,-122.4141954,12.52,0.8813
47.53,1.7,0.1639,9.9802,0.0412,0.0031,0.0012,15.9,19.29,40.5,True,37.7785349,-122.4142051,9,0.87,37.778552,-122.4141843,12.61,0.8814
47.63,2.4448,0.026,9.4341,0.0153,-0.0141,0.0012,15.9,19.29,39.49,True,37.7785444,-122.4141225,11,0.81,37.7785594,-122.414173,12.84,0.8815
47.73,-1.7374,0.0218,9.7491,0.0232,0.0018,0.0012,15.9,19.29,39.85,True,37.7785241,-122.4141612,10,1.37,37.7785669,-122.4141615,13.11,0.8816
47.83,-1.0981,-0.0703,9.606,0.0384,0.0117,0.0012,15.9,19.3,39.91,True,37.7785725,-122.4141808,10,1.09,37.778574,-122.4141505,12.49,0.8817
47.93,0.4266,-0.0534,9.6371,0.0076,-0.0164,0.0012,15.89,19.3,39.23,True,37.7785778,-122.4141312,10,0.87,37.7785814,-122.4141392,12.9,0.8818
48.03,-1.9474,0.1745,9.7071,-0.0187,0.0297,0.0011,15.89,19.3,40.04,True,37.7786208,-122.4141119,10,1.29,37.7785886,-122.4141282,12.6,0.8819
48.13,-0.7129,0.039,9.8701,-0.0187,-0.0245,0.0011,15.89,19.3,40.81,True,37.7785914,-122.4141662,11,1.24,37.7785958,-122.4141171,12.53,0.8821
48.23,-0.5321,0.0476,9.7365,-0.0081,0.011,0.0011,15.89,19.3,39.68,True,37.7786362,-122.4140819,9,1.24,37.7786029,-122.4141062,12.49,0.8822
48.33,1.9499,0.0408,9.5321,0.0035,0.0096,0.0011,15.88,19.3,40.56,True,37.7786277,-122.4141174,11,0.84,37.77861,-122.4140953,12.41,0.8823
48.43,1.0504,0.0011,9.9136,0.0054,-0.0112,0.0011,15.88,19.31,39.93,True,37.7786173,-122.4140874,8,1.29,37.7786173,-122.414084,12.85,0.8824
48.53,-1.8558,-0.0898,10.0083,-0.0066,0.0231,0.0011,15.88,19.31,40.95,True,37.7785517,-122.414074,11,1.07,37.7786245,-122.4140729,12.58,0.8825
48.63,-1.5099,-0.0325,9.7785,-0.0116,0.001,0.0011,15.88,19.31,39.97,True,37.7786595,-122.4140421,10,1.01,37.7786316,-122.414062,12.46,0.8826
48.73,1.1939,-0.02,9.7687,0.0268,0.0006,0.0011,15.88,19.31,39.52,True,37.7786505,-122.4140405,9,1.25,37.7786387,-122.4140511,12.3,0.8827
48.83,0.5357,-0.162,9.7727,-0.0035,-0.029,0.0011,15.87,19.31,38.97,True,37.7786532,-122.4140373,8,1.19,37.7786459,-122.41404,12.68,0.8829
48.93,-1.5652,-0.0728,9.5975,0.0075,0.0173,0.0011,15.87,19.32,40.08,True,37.7786147,-122.4140166,8,1.35,37.778653,-122.4140291,12.4,0.883
49.03,1.5159,0.0584,9.8165,-0.0029,-0.0096,0.0011,15.87,19.32,39.87,True,37.7786875,-122.413971,8,0.93,37.7786601,-122.4140182,12.4,0.8831
49.13,2.1822,0.0565,9.8691,0.0187,0.009,0.0011,15.87,19.32,39.67,True,37.7786215,-122.414042,11,1.16,37.7786673,-122.4140071,12.66,0.8832
49.23,-0.8487,-0.0813,9.6938,-0.0332,-0.0071,0.0011,15.87,19.32,40.56,True,37.7786601,-122.4139739,8,1.38,37.7786746,-122.4139958,12.84,0.8833
49.33,-2.3266,-0.1139,9.6832,-0.0016,0.0095,0.0011,15.86,19.32,39.7,True,37.7786625,-122.4139778,11,0.93,37.7786818,-122.4139848,12.5,0.8834
49.43,1.0008,0.0412,9.7072,0.0236,0.0015,0.0011,15.86,19.32,40.11,True,37.778701,-122.4139788,8,1.21,37.7786888,-122.4139739,12.38,0.8835
49.53,1.6659,0.0664,9.471,0.0046,0.0264,0.0011,15.86,19.33,40.44,True,37.7787143,-122.4139441,9,1.3,37.7786961,-122.4139627,12.72,0.8836
49.63,-0.7634,0.216,9.8236,0.0095,-0.0242,0.0011,15.86,19.33,40.13,True,37.7786547,-122.413972,8,0.84,37.7787033,-122.4139515,12.73,0.8837
49.73,-1.774,0.1041,9.7779,-0.008,-0.0315,0.0011,15.85,19.33,39.98,True,37.7786896,-122.4139977,9,1.27,37.7787105,-122.4139404,12.59,0.8839
49.83,-1.5891,0.1799,9.9868,-0.0073,0.0118,0.0011,15.85,19.33,40.07,True,37.778741,-122.4139163,9,0.91,37.7787176,-122.4139296,12.37,0.884
49.93,1.8167,-0.1029,9.9472,-0.0125,0.0248,0.0011,15.85,19.33,39.63,True,37.7787087,-122.4139181,10,0.99,37.7787246,-122.4139188,12.26,0.8841
50.03,-0.1788,0.0182,9.7225,-0.0067,0.0066,0.0011,15.85,19.33,39.9,True,37.7787269,-122.41388,8,1.33,37.7787318,-122.4139076,12.7,0.8842
50.13,-2.9325,0.1672,9.9654,0.02,-0.0633,0.0011,15.85,19.34,39.7,True,37.7786827,-122.4138853,10,0.99,37.7787388,-122.4138969,12.2,0.8843
50.23,0.4654,0.0245,9.8841,0.0202,0.0062,0.0011,15.84,19.34,40.4,True,37.778743,-122.4138595,11,1.31,37.7787457,-122.4138862,12.12,0.8844
50.33,0.0808,0.2449,9.8489,-0.008,-0.0148,0.0011,15.84,19.34,38.66,True,37.7787188,-122.4138873,11,0.95,37.7787527,-122.4138754,12.31,0.8845
50.43,0.641,-0.0422,9.6509,0.0349,0.0126,0.0011,15.84,19.34,39.05,True,37.7787918,-122.4138284,10,1.33,37.7787596,-122.4138647,12.1,0.8846
50.53,1.3119,0.0223,9.5687,0.0043,-0.0068,0.0011,15.84,19.34,39.52,True,37.778775,-122.4138505,11,1.01,37.7787666,-122.4138538,12.4,0.8847
50.63,0.2205,0.1091,10.2342,-0.0343,0.0393,0.0011,15.84,19.35,39.79,True,37.7787768,-122.413829,11,1.4,37.7787737,-122.4138429,12.34,0.8848
50.73,-0.2553,-0.0324,9.9064,0.0149,0.0298,0.0011,15.83,19.35,40.36,True,37.7787926,-122.4138809,11,1.02,37.7787807,-122.413832,12.4,0.8849
50.83,-0.3943,0.0637,9.8994,0.0177,-0.0228,0.0011,15.83,19.35,39.3,True,37.7787664,-122.4137975,11,1.21,37.7787878,-122.4138211,12.33,0.885
50.93,-1.2409,-0.026,9.6024,-0.0331,-0.0086,0.001,15.83,19.35,40.07,True,37.7787771,-122.413834,9,1.13,37.7787948,-122.4138103,12.36,0.8851
51.03,-0.1179,-0.0318,9.1842,-0.0156,0.0138,0.001,15.83,19.35,40.87,True,37.7788291,-122.4138435,8,1.36,37.7788016,-122.4137997,12.04,0.8852
51.13,-1.0111,0.0362,9.6943,0.0087,0.0305,0.001,15.83,19.35,39.73,True,37.7788184,-122.4137553,11,0.94,37.7788087,-122.4137888,12.36,0.8853
51.23,0.4371,-0.002,9.7003,0.0038,-0.0182,0.001,15.82,19.35,39.9,True,37.7788255,-122.4137564,9,1.2,37.7788154,-122.4137784,11.8,0.8854
51.33,0.9312,0.177,9.6832,-0.03,0.0422,0.001,15.82,19.36,40.02,True,37.7787815,-122.413763,10,1.1,37.7788225,-122.4137674,12.42,0.8856
51.43,-1.6919,0.1026,9.1362,-0.0208,-0.0312,0.001,15.82,19.36,39.99,True,37.7787701,-122.4138017,8,1.15,37.7788293,-122.4137569,12.0,0.8857
51.53,1.0849,0.046,10.381,0.0076,-0.0414,0.001,15.82,19.36,39.62,True,37.778861,-122.4137402,10,1.01,37.7788362,-122.4137462,12.1,0.8858
51.63,0.4955,0.0025,9.4942,-0.0304,0.0217,0.001,15.82,19.36,40.8,True,37.7788467,-122.4137516,10,1.09,37.7788431,-122.4137354,12.23,0.8859
51.73,-0.7745,-0.0284,9.4495,-0.0054,-0.0019,0.001,15.81,19.36,40.18,True,37.7788531,-122.4137537,8,0.99,37.7788501,-122.4137247,12.18,0.886
51.83,-0.843,-0.0493,9.1692,-0.0199,-0.0444,0.001,15.81,19.36,39.52,True,37.7788447,-122.4137259,9,0.81,37.7788569,-122.413714,12.09,0.8861
51.93,1.0856,0.1298,9.78,-0.0036,-0.0029,0.001,15.81,19.37,40.35,True,37.7789154,-122.4137444,11,1.15,37.7788638,-122.4137034,12.06,0.8862
52.03,-0.2092,-0.0084,9.9568,0.0028,0.0162,0.001,15.81,19.37,40.15,True,37.778897,-122.413705,9,1.4,37.7788708,-122.4136926,12.28,0.8863
52.13,-1.5301,-0.2354,10.1606,0.0731,-0.0008,0.001,15.81,19.37,40.19,True,37.7788656,-122.4137283,10,0.96,37.7788776,-122.413682,12.03,0.8864
52.23,-1.3083,-0.0378,9.9908,-0.0105,-0.0129,0.001,15.8,19.37,40.1,True,37.7788718,-122.4136881,9,1.35,37.7788844,-122.4136714,11.99,0.8865
52.33,0.3684,0.0234,9.9152,0.0232,0.012,0.001,15.8,19.37,39.45,True,37.7788534,-122.4136453,8,1.25,37.7788912,-122.413661,11.8,0.8866
52.43,2.27,0.0817,9.8286,0.0072,0.0119,0.001,15.8,19.37,40.23,True,37.7788988,-122.4136292,9,1.18,37.778898,-122.4136504,12.06,0.8867
52.53,-0.9702,0.0138,9.8952,0.0043,0.0224,0.001,15.8,19.38,41.04,True,37.7789167,-122.4136437,9,1.24,37.778905,-122.4136395,12.27,0.8868
52.63,-2.0981,-0.0514,9.353,0.0026,-0.0395,0.001,15.8,19.38,39.54,True,37.7788714,-122.413618,9,1.22,37.7789118,-122.413629,11.92,0.8869
52.73,-0.9969,0.0649,9.5594,0.0037,-0.0053,0.001,15.79,19.38,40.5,True,37.7789772,-122.413553,8,1.18,37.7789185,-122.4136186,11.86,0.887
52.83,0.6715,-0.0282,10.0084,0.008,-0.0162,0.001,15.79,19.38,40.67,True,37.7788896,-122.4135651,9,1.31,37.7789251,-122.4136082,11.7,0.8871
52.93,0.5188,0.0438,9.7286,-0.0142,-0.023,0.001,15.79,19.38,38.81,True,37.7789256,-122.413627,10,1.03,37.778932,-122.4135976,12.01,0.8872
53.03,-1.1822,0.028,9.6512,-0.0134,-0.0038,0.001,15.79,19.38,40.07,True,37.7789199,-122.4135903,10,1.22,37.7789386,-122.4135873,11.77,0.8873
53.13,0.3572,-0.0133,9.3288,-0.0324,-0.0144,0.001,15.79,19.39,39.48,True,37.7789977,-122.4135769,8,1.36,37.7789454,-122.4135768,11.82,0.8874
53.23,0.8915,-0.0226,9.3822,-0.0079,0.0091,0.001,15.78,19.39,40.16,True,37.7789668,-122.4134998,10,1.05,37.7789521,-122.4135664,11.86,0.8875
53.33,1.2736,0.1282,9.823,0.0159,0.022,0.001,15.78,19.39,39.71,True,37.7790185,-122.4135714,9,0.94,37.7789589,-122.4135558,11.99,0.8876
53.43,-0.7502,0.1041,10.1002,0.0128,0.021,0.001,15.78,19.39,39.88,True,37.7789607,-122.4135362,9,1.17,37.7789658,-122.4135451,12.09,0.8877
53.53,-1.7961,0.033,9.3248,-0.0379,0.0278,0.001,15.78,19.39,39.49,True,37.7790032,-122.4135347,10,1.38,37.7789725,-122.4135347,11.83,0.8877
53.63,-1.3597,0.0385,9.8013,-0.02,0.0067,0.001,15.78,19.39,40.27,True,37.7790271,-122.4135322,8,1.29,37.7789791,-122.4135244,11.69,0.8878
53.73,2.0019,0.0818,10.5583,0.0126,0.0102,0.001,15.78,19.39,39.65,True,37.77897,-122.4134749,11,1.34,37.7789857,-122.4135141,11.57,0.8879
53.83,1.9127,0.0207,9.7752,0.0608,-0.0018,0.0009,15.77,19.4,39.88,True,37.7790018,-122.4135031,9,1.34,37.7789925,-122.4135035,12.11,0.888
53.93,-2.7232,-0.1954,9.632,-0.0256,0.0202,0.0009,15.77,19.4,40.53,True,37.7789353,-122.4134983,9,1.3,37.7789993,-122.4134929,11.92,0.8881
54.03,-2.5161,-0.0052,9.2049,0.0253,0.0111,0.0009,15.77,19.4,39.28,True,37.7789843,-122.4134556,8,1.14,37.7790059,-122.4134827,11.59,0.8882
54.13,0.9309,-0.0144,10.2426,-0.0007,0.0324,0.0009,15.77,19.4,40.12,True,37.7790441,-122.4134603,8,1.08,37.7790124,-122.4134726,11.4,0.8883
54.23,2.5014,0.006,10.0199,-0.0357,-0.0034,0.0009,15.77,19.4,39.16,True,37.7790145,-122.4134949,8,1.14,37.779019,-122.4134623,11.73,0.8884
54.33,-0.3811,-0.1249,10.1329,-0.0229,0.0333,0.0009,15.76,19.4,39.49,True,37.779018,-122.4134747,11,1.14,37.7790258,-122.4134517,11.96,0.8885
54.43,-1.1639,-0.0896,9.7413,-0.0008,-0.0069,0.0009,15.76,19.4,40.5,True,37.7790258,-122.4134158,9,0.88,37.7790324,-122.4134414,11.66,0.8886
54.53,0.22,0.2879,9.7217,0.0009,-0.0291,0.0009,15.76,19.41,39.5,True,37.7790051,-122.413418,11,1.09,37.7790391,-122.4134311,11.73,0.8887
54.63,-0.8237,0.1132,10.0298,-0.0319,0.0072,0.0009,15.76,19.41,39.34,True,37.7790681,-122.4134242,11,0.96,37.7790457,-122.4134207,11.75,0.8888
54.73,0.1791,-0.0723,10.0689,0.0278,0.0024,0.0009,15.76,19.41,40.67,True,37.7790842,-122.4134245,10,0.92,37.7790523,-122.4134105,11.56,0.8889
54.83,0.8574,-0.122,9.8561,-0.0251,0.0215,0.0009,15.76,19.41,39.72,True,37.779067,-122.4133427,8,0.85,37.779059,-122.4134,11.83,0.889
54.93,-1.2296,0.0828,9.6697,0.0166,0.0185,0.0009,15.75,19.41,39.88,True,37.7790468,-122.4133593,11,1.3,37.7790656,-122.4133897,11.71,0.8891
55.03,-0.3718,-0.0394,10.5538,-0.0263,0.0101,0.0009,15.75,19.41,40.25,True,37.779057,-122.4133669,9,0.91,37.7790722,-122.4133794,11.61,0.8891
55.13,-0.4494,-0.0854,9.5514,-0.0063,-0.0223,0.0009,15.75,19.41,39.77,True,37.779103,-122.413361,11,1.03,37.7790788,-122.4133691,11.65,0.8892
55.23,-0.4961,0.0011,9.6843,0.0036,-0.0416,0.0009,15.75,19.42,39.56,True,37.7790901,-122.4133062,11,1.13,37.7790853,-122.413359,11.49,0.8893
55.33,-2.0935,-0.1053,10.4129,0.0157,0.0197,0.0009,15.75,19.42,40.05,True,37.779102,-122.4133232,10,1.34,37.7790918,-122.4133488,11.54,0.8894
55.43,-1.5682,-0.0249,9.6715,0.0136,0.0185,0.0009,15.74,19.42,40.0,True,37.7790764,-122.4133304,11,0.9,37.7790981,-122.4133389,11.11,0.8895
55.53,2.1827,0.1582,10.5178,-0.0019,0.0088,0.0009,15.74,19.42,40.55,True,37.7791068,-122.4133208,9,1.09,37.7791045,-122.413329,11.21,0.8896
55.63,2.2067,-0.0846,9.5166,-0.0178,0.0506,0.0009,15.74,19.42,39.82,True,37.7791133,-122.4133093,10,0.93,37.779111,-122.4133188,11.53,0.8897
55.73,-0.3809,-0.0083,9.5198,0.007,-0.0219,0.0009,15.74,19.42,40.29,True,37.7790657,-122.4133408,8,1.36,37.7791176,-122.4133085,11.65,0.8898
55.83,-3.5461,0.0791,9.8621,0.0223,-0.0086,0.0009,15.74,19.42,39.64,True,37.7791216,-122.4132707,9,1.4,37.7791241,-122.4132984,11.5,0.8899
55.93,-1.4145,0.0525,9.4223,-0.0388,-0.0155,0.0009,15.74,19.43,40.47,True,37.7791525,-122.413295,10,1.32,37.7791303,-122.4132887,10.93,0.8899
56.03,2.2371,0.1049,9.8318,-0.0188,-0.0079,0.0009,15.73,19.43,40.06,True,37.7791313,-122.4132352,10,1.15,37.7791367,-122.4132788,11.24,0.89
56.13,0.387,-0.0303,9.4511,-0.0316,0.0005,0.0009,15.73,19.43,40.18,True,37.7791085,-122.4132527,9,1.01,37.7791431,-122.4132687,11.35,0.8901
56.23,-1.1375,-0.0688,9.4801,-0.0366,0.0197,0.0009,15.73,19.43,40.4,True,37.7791127,-122.4132683,8,1.15,37.7791495,-122.4132587,11.32,0.8902
56.33,0.3137,0.0305,9.998,-0.0048,0.0079,0.0009,15.73,19.43,40.07,True,37.7791481,-122.4132002,9,0.95,37.7791558,-122.4132489,11.14,0.8903
56.43,0.3669,0.0029,9.7346,-0.0137,0.0005,0.0009,15.73,19.43,40.05,True,37.7791731,-122.413245,10,1.34,37.7791623,-122.4132388,11.4,0.8904
56.53,-1.6482,0.035,9.7135,-0.0053,-0.0157,0.0009,15.73,19.43,40.81,True,37.7791624,-122.4131874,8,1.07,37.7791686,-122.4132288,11.23,0.8905
56.63,-0.5042,0.1038,9.8597,-0.0079,0.0141,0.0008,15.72,19.44,39.31,True,37.779137,-122.4132649,11,0.87,37.7791749,-122.4132191,11.05,0.8906
56.73,1.2333,0.2288,9.6904,0.0057,0.021,0.0008,15.72,19.44,39.57,True,37.7791649,-122.4131778,8,0.91,37.7791811,-122.4132093,11.09,0.8906
56.83,-0.0276,-0.0527,9.6583,-0.0141,-0.0092,0.0008,15.72,19.44,40.36,True,37.7791936,-122.4131967,9,1.02,37.7791875,-122.4131992,11.35,0.8907
56.93,-0.1928,-0.0014,9.1014,0.0072,-0.0274,0.0008,15.72,19.44,40.26,True,37.7791762,-122.4131861,8,0.99,37.7791938,-122.4131894,11.09,0.8908
57.03,-0.2013,0.0334,9.2671,-0.0147,0.0107,0.0008,15.72,19.44,40.38,True,37.7791403,-122.4132001,9,0.98,37.7792002,-122.4131794,11.33,0.8909
57.13,-1.1828,-0.092,9.4592,-0.0061,-0.0086,0.0008,15.72,19.44,39.77,True,37.7792453,-122.4131918,9,1.26,37.7792065,-122.4131696,11.07,0.891
57.23,0.7657,0.0948,9.4865,0.0133,0.0107,0.0008,15.71,19.44,40.09,True,37.7792177,-122.413142,10,1.36,37.7792128,-122.4131598,11.12,0.8911
57.33,0.29,0.0211,10.1452,0.0068,0.0101,0.0008,15.71,19.44,40.98,True,37.7792576,-122.4131187,8,1.38,37.7792191,-122.4131498,11.2,0.8911
57.43,-0.0118,0.0146,9.3741,0.0265,-0.0142,0.0008,15.71,19.45,40.02,True,37.7792399,-122.4131989,10,0.98,37.7792254,-122.41314,11.17,0.8912
57.53,-1.2026,0.0567,10.2784,0.0457,0.0088,0.0008,15.71,19.45,39.58,True,37.7792331,-122.4131467,11,1.37,37.7792317,-122.41313,11.21,0.8913
57.63,-1.0902,-0.0682,9.4073,-0.0038,-0.0092,0.0008,15.71,19.45,40.19,True,37.7792117,-122.4131495,11,0.86,37.7792379,-122.4131203,10.96,0.8914
57.73,-0.7024,0.0361,9.9904,-0.0248,0.0137,0.0008,15.71,19.45,40.43,True,37.7792534,-122.4130959,10,1.15,37.7792441,-122.4131106,10.94,0.8915
57.83,0.4125,0.1887,10.0987,0.0025,0.0553,0.0008,15.71,19.45,40.71,True,37.7792333,-122.4130898,10,1.06,37.7792502,-122.4131011,10.81,0.8915
57.93,1.3563,0.0032,9.537,0.0132,-0.004,0.0008,15.7,19.45,40.7,True,37.7792102,-122.4130955,11,1.4,37.7792565,-122.4130913,11.04,0.8916
58.03,0.2896,-0.0263,9.5471,-0.0071,-0.0158,0.0008,15.7,19.45,40.2,True,37.779309,-122.4130372,10,1.09,37.7792627,-122.4130815,11.05,0.8917
58.13,-0.5512,0.0705,9.9979,-0.0126,-0.0021,0.0008,15.7,19.45,39.99,True,37.7792501,-122.4130772,10,1.04,37.779269,-122.4130717,11.12,0.8918
58.23,-0.9809,-0.014,9.7844,0.0137,0.0155,0.0008,15.7,19.46,39.27,True,37.7792801,-122.4130181,11,1.36,37.7792751,-122.413062,10.89,0.8919
58.33,-0.4819,0.061,9.1263,-0.0263,0.0251,0.0008,15.7,19.46,39.91,True,37.7793277,-122.4130718,11,1.25,37.7792813,-122.4130523,10.93,0.8919
58.43,0.4989,0.03,10.2886,0.0228,0.0192,0.0008,15.7,19.46,40.16,True,37.7792866,-122.4130599,9,0.84,37.7792874,-122.4130427,10.84,0.892
58.53,-0.8529,0.0848,10.1479,-0.0005,-0.0181,0.0008,15.69,19.46,41.01,True,37.7792782,-122.4130184,10,1.09,37.7792937,-122.413033,11.03,0.8921
58.63,-2.1335,-0.13,9.7026,-0.0178,0.0018,0.0008,15.69,19.46,40.33,True,37.7792571,-122.41304,10,1.37,37.7792997,-122.4130235,10.69,0.8922
58.73,2.5995,-0.0968,10.2534,-0.008,-0.0454,0.0008,15.69,19.46,40.2,True,37.7792794,-122.4130097,10,1.03,37.7793057,-122.4130141,10.57,0.8923
58.83,-0.4328,-0.0641,10.0451,0.0267,-0.0177,0.0008,15.69,19.46,40.1,True,37.7793063,-122.4130211,11,0.89,37.779312,-122.4130042,11.21,0.8923
58.93,-1.4616,0.1865,9.5856,-0.0478,-0.0221,0.0008,15.69,19.46,40.69,True,37.7792509,-122.4130191,9,1.26,37.7793179,-122.4129949,10.46,0.8924
59.03,0.855,0.1293,9.5964,-0.0119,-0.0138,0.0008,15.69,19.47,39.95,True,37.7793115,-122.4130225,11,1.09,37.7793241,-122.4129852,10.96,0.8925
59.13,-3.6491,0.047,10.1755,0.0015,0.0172,0.0008,15.69,19.47,39.64,True,37.7793078,-122.4129739,11,1.2,37.7793301,-122.4129758,10.61,0.8926
59.23,1.0463,-0.0191,9.7497,-0.0014,-0.0159,0.0008,15.68,19.47,40.65,True,37.7793621,-122.4129764,8,1.01,37.7793358,-122.4129668,10.24,0.8926
59.33,1.8306,0.0589,9.3557,0.008,-0.0233,0.0007,15.68,19.47,40.95,True,37.7793502,-122.4129261,8,1.36,37.7793419,-122.4129572,10.84,0.8927
59.43,1.382,-0.1729,10.1483,-0.0096,0.0065,0.0007,15.68,19.47,40.11,True,37.7793658,-122.4129601,9,0.9,37.7793479,-122.4129477,10.63,0.8928
59.53,-1.0105,-0.0389,9.5365,-0.0148,0.0052,0.0007,15.68,19.47,39.96,True,37.779365,-122.4129369,10,0.96,37.7793542,-122.4129379,11.1,0.8929
59.63,-2.7597,-0.0221,9.9638,0.0061,-0.0064,0.0007,15.68,19.47,39.63,True,37.7793248,-122.4128753,9,0.85,37.7793601,-122.4129287,10.44,0.8929
59.73,2.5374,-0.0629,9.5748,0.0314,-0.0144,0.0007,15.68,19.47,39.72,True,37.7793253,-122.4129049,11,1.39,37.779366,-122.4129193,10.51,0.893
59.83,1.8431,-0.1774,9.7296,0.0205,-0.009,0.0007,15.68,19.48,39.25,True,37.7793768,-122.4128803,11,1.3,37.7793722,-122.4129096,10.94,0.8931
59.93,-1.6953,0.1844,9.5883,-0.042,-0.0332,0.0007,15.67,19.48,39.77,True,37.7793558,-122.4128797,11,0.88,37.7793783,-122.4129,10.88,0.8932
60.03,-2.5526,-0.0227,9.5203,0.0009,0.0199,0.0007,15.67,19.48,40.05,False,,,0,9.9,37.7793843,-122.4128906,10.59,0.8932
60.13,0.8395,-0.0375,10.1054,-0.0117,0.0274,0.0007,15.67,19.48,39.93,False,,,0,9.9,37.7793901,-122.4128814,10.39,0.8933
60.23,-1.3326,-0.0134,9.9597,0.0134,-0.0302,0.0007,15.67,19.48,40.24,False,,,0,9.9,37.7793962,-122.4128718,10.79,0.8934
60.33,-0.4081,-0.0564,9.5174,-0.0345,-0.0199,0.0007,15.67,19.48,40.53,False,,,0,9.9,37.7794019,-122.4128629,10.12,0.8934
60.43,2.9256,0.0501,9.4912,-0.0071,0.0037,0.0007,15.67,19.48,39.88,False,,,0,9.9,37.7794079,-122.4128534,10.67,0.8935
60.53,-1.1357,0.186,9.6435,0.0263,-0.0255,0.0007,15.67,19.48,39.88,False,,,0,9.9,37.779414,-122.4128439,10.74,0.8936
60.63,-2.1999,0.1279,9.1389,0.0383,0.05,0.0007,15.66,19.48,40.58,False,,,0,9.9,37.7794199,-122.4128347,10.4,0.8937
60.73,-0.695,-0.0152,9.67,0.0152,-0.0188,0.0007,15.66,19.49,39.33,False,,,0,9.9,37.7794257,-122.4128255,10.3,0.8937
60.83,0.3463,-0.1067,10.0695,0.0315,0.032,0.0007,15.66,19.49,39.66,False,,,0,9.9,37.7794314,-122.4128164,10.26,0.8938
60.93,-0.8359,-0.0134,9.6221,-0.0413,0.0013,0.0007,15.66,19.49,40.11,False,,,0,9.9,37.7794373,-122.4128073,10.33,0.8939
61.03,-1.183,-0.0274,9.631,-0.0213,0.0414,0.0007,15.66,19.49,39.75,False,,,0,9.9,37.779443,-122.4127983,10.12,0.8939
61.13,1.1443,0.1622,9.4448,-0.0006,0.001,0.0007,15.66,19.49,39.23,False,,,0,9.9,37.7794486,-122.4127893,10.11,0.894
61.23,1.1269,-0.073,9.554,-0.0003,0.0111,0.0007,15.66,19.49,39.91,False,,,0,9.9,37.7794545,-122.4127801,10.39,0.8941
61.33,-1.3256,-0.0099,9.996,0.0255,0.0052,0.0007,15.65,19.49,39.59,False,,,0,9.9,37.7794603,-122.412771,10.31,0.8941
61.43,-0.8822,0.0312,9.4258,0.0016,-0.0344,0.0007,15.65,19.49,40.61,False,,,0,9.9,37.779466,-122.412762,10.12,0.8942
61.53,0.0266,0.0282,9.5492,-0.0448,-0.0152,0.0007,15.65,19.49,40.57,False,,,0,9.9,37.7794717,-122.412753,10.13,0.8943
61.63,-0.0342,-0.1296,10.3667,0.0149,-0.0132,0.0007,15.65,19.49,39.19,False,,,0,9.9,37.7794774,-122.412744,10.17,0.8943
61.73,2.8274,-0.1533,9.6298,0.0198,-0.0166,0.0007,15.65,19.5,40.22,False,,,0,9.9,37.7794832,-122.4127349,10.17,0.8944
61.83,-0.9965,-0.0206,9.7673,-0.0129,-0.0353,0.0007,15.65,19.5,39.23,False,,,0,9.9,37.7794892,-122.4127254,10.77,0.8945
61.93,-3.8304,0.0824,10.3212,-0.0026,-0.0067,0.0007,15.65,19.5,40.23,False,,,0,9.9,37.7794948,-122.4127165,9.98,0.8945
62.03,0.7342,0.0681,10.0746,0.0101,-0.0376,0.0006,15.65,19.5,40.4,False,,,0,9.9,37.7795005,-122.4127077,9.99,0.8946
62.13,0.8241,0.1362,9.7972,-0.0307,-0.0291,0.0006,15.64,19.5,40.56,False,,,0,9.9,37.7795062,-122.4126987,10.1,0.8947
62.23,0.6396,-0.0371,9.5599,0.0162,-0.0371,0.0006,15.64,19.5,39.2,False,,,0,9.9,37.7795118,-122.4126897,10.12,0.8947
62.33,-1.8772,-0.1198,9.7178,0.034,0.0031,0.0006,15.64,19.5,39.59,False,,,0,9.9,37.7795176,-122.4126807,10.19,0.8948
62.43,1.3187,0.1396,9.39,-0.0018,0.0064,0.0006,15.64,19.5,40.08,False,,,0,9.9,37.7795231,-122.412672,9.75,0.8949
62.53,0.446,0.0464,9.9381,0.0238,-0.0222,0.0006,15.64,19.5,40.08,False,,,0,9.9,37.7795289,-122.4126627,10.45,0.8949
62.63,-0.2692,-0.1371,10.0372,0.011,-0.0282,0.0006,15.64,19.5,40.25,False,,,0,9.9,37.7795345,-122.412654,9.87,0.895
62.73,0.3546,-0.0244,10.5808,-0.0418,0.003,0.0006,15.64,19.51,40.17,False,,,0,9.9,37.7795404,-122.4126447,10.42,0.895
62.83,-0.9517,0.0956,9.5779,0.0024,0.0174,0.0006,15.64,19.51,39.74,False,,,0,9.9,37.779546,-122.4126359,9.96,0.8951
62.93,1.2014,0.0694,9.9557,0.0428,0.0121,0.0006,15.63,19.51,39.4,False,,,0,9.9,37.7795517,-122.4126268,10.24,0.8952
63.04,-2.0898,0.0458,9.397,0.0047,-0.002,0.0006,15.63,19.51,39.63,False,,,0,9.9,37.7795574,-122.4126178,10.17,0.8952
63.14,-2.6402,-0.011,9.9922,0.0079,-0.0249,0.0006,15.63,19.51,39.38,False,,,0,9.9,37.779563,-122.412609,9.88,0.8953
63.24,0.9837,-0.0336,9.9143,-0.0014,0.0092,0.0006,15.63,19.51,39.58,False,,,0,9.9,37.7795684,-122.4126004,9.63,0.8954
63.34,0.517,0.0852,9.6672,0.0204,0.0033,0.0006,15.63,19.51,40.67,False,,,0,9.9,37.7795741,-122.4125915,10.1,0.8954
63.44,-0.5215,-0.0631,9.7661,0.0152,0.0044,0.0006,15.63,19.51,39.33,False,,,0,9.9,37.7795796,-122.4125828,9.73,0.8955
63.54,1.172,-0.0771,10.4177,-0.0432,-0.0065,0.0006,15.63,19.51,39.79,False,,,0,9.9,37.7795852,-122.4125739,10.02,0.8955
63.64,-1.9519,-0.1441,9.365,-0.0041,0.0124,0.0006,15.63,19.51,41.15,False,,,0,9.9,37.7795908,-122.4125651,9.94,0.8956
63.74,-0.4151,-0.1755,10.0018,-0.005,-0.0157,0.0006,15.63,19.52,39.85,False,,,0,9.9,37.7795962,-122.4125565,9.66,0.8956
63.84,0.8303,0.0947,10.082,-0.0077,0.0225,0.0006,15.62,19.52,39.93,False,,,0,9.9,37.7796017,-122.4125478,9.82,0.8957
63.94,-0.115,0.0316,10.1899,0.0084,0.0142,0.0006,15.62,19.52,40.47,False,,,0,9.9,37.7796072,-122.4125391,9.8,0.8958
64.04,-0.7113,-0.088,9.8367,0.0067,-0.024,0.0006,15.62,19.52,40.1,False,,,0,9.9,37.7796127,-122.4125304,9.78,0.8958
64.14,-2.0128,-0.0608,9.2089,0.0013,-0.0414,0.0006,15.62,19.52,39.97,False,,,0,9.9,37.7796182,-122.4125218,9.68,0.8959
64.24,-0.1546,0.0081,9.8761,-0.0123,0.0075,0.0006,15.62,19.52,39.84,False,,,0,9.9,37.7796235,-122.4125134,9.39,0.8959
64.34,-0.0488,-0.0055,10.0438,0.0342,-0.0026,0.0006,15.62,19.52,39.57,False,,,0,9.9,37.7796289,-122.4125049,9.65,0.896
64.44,1.0887,0.1133,9.5076,-0.0233,-0.0126,0.0006,15.62,19.52,39.53,False,,,0,9.9,37.7796341,-122.4124965,9.37,0.896
64.54,1.3413,-0.0278,9.7069,0.0105,0.0141,0.0006,15.62,19.52,40.65,False,,,0,9.9,37.7796397,-122.4124878,9.87,0.8961
64.64,0.6412,0.0099,9.6675,0.0055,-0.0165,0.0005,15.62,19.52,39.96,False,,,0,9.9,37.7796451,-122.4124792,9.62,0.8962
64.74,-0.0576,-0.0551,10.3464,0.0008,0.0238,0.0005,15.61,19.52,39.46,False,,,0,9.9,37.7796507,-122.4124703,9.99,0.8962
64.84,-1.777,0.0214,9.3615,-0.0253,-0.0025,0.0005,15.61,19.53,39.7,False,,,0,9.9,37.7796561,-122.4124618,9.63,0.8963
64.94,-1.8981,0.104,9.5692,-0.0111,0.0257,0.0005,15.61,19.53,39.37,False,,,0,9.9,37.7796615,-122.4124532,9.66,0.8963
65.04,-1.4206,0.0146,10.0442,-0.019,0.0028,0.0005,15.61,19.53,40.06,False,,,0,9.9,37.7796667,-122.412445,9.27,0.8964
65.14,1.8517,-0.0756,9.769,0.0045,0.0015,0.0005,15.61,19.53,39.32,False,,,0,9.9,37.779672,-122.4124367,9.35,0.8964
65.24,0.4637,-0.0356,10.143,0.0144,0.0242,0.0005,15.61,19.53,40.21,False,,,0,9.9,37.7796774,-122.4124281,9.62,0.8965
65.34,-2.4477,0.0211,9.5215,-0.0041,-0.0366,0.0005,15.61,19.53,40.49,False,,,0,9.9,37.7796827,-122.4124197,9.49,0.8965
65.44,-0.5497,0.0175,10.0315,0.0124,0.01,0.0005,15.61,19.53,40.53,False,,,0,9.9,37.7796878,-122.4124116,9.12,0.8966
65.54,2.9153,0.0188,9.2112,0.0158,0.0012,0.0005,15.61,19.53,39.16,False,,,0,9.9,37.7796931,-122.4124032,9.44,0.8966
65.64,0.5046,-0.1142,9.8002,0.0169,0.0075,0.0005,15.61,19.53,40.11,False,,,0,9.9,37.7796986,-122.4123946,9.66,0.8967
65.74,-1.4288,0.0568,9.9023,0.0426,-0.0476,0.0005,15.6,19.53,40.69,False,,,0,9.9,37.7797039,-122.4123861,9.58,0.8967
65.84,-1.004,0.0268,9.9542,0.0363,0.0058,0.0005,15.6,19.53,39.39,False,,,0,9.9,37.7797092,-122.4123778,9.36,0.8968
65.94,0.4566,-0.1134,9.9872,0.0118,0.0014,0.0005,15.6,19.53,40.3,False,,,0,9.9,37.7797145,-122.4123694,9.4,0.8968
66.04,-0.0215,0.0867,9.7314,0.0115,-0.0196,0.0005,15.6,19.53,40.32,False,,,0,9.9,37.7797198,-122.412361,9.45,0.8969
66.14,-1.0118,-0.0356,9.3628,-0.0031,-0.024,0.0005,15.6,19.54,40.19,False,,,0,9.9,37.7797251,-122.4123526,9.41,0.8969
66.24,-0.2911,0.0987,9.9432,0.05,-0.0462,0.0005,15.6,19.54,40.08,False,,,0,9.9,37.7797302,-122.4123444,9.21,0.897
66.34,1.6584,-0.0425,10.1598,-0.0086,-0.017,0.0005,15.6,19.54,40.19,False,,,0,9.9,37.7797355,-122.4123361,9.36,0.897
66.44,-0.0159,0.0446,9.541,-0.0101,-0.0024,0.0005,15.6,19.54,39.38,False,,,0,9.9,37.7797409,-122.4123276,9.59,0.8971
66.54,-0.3875,-0.1176,9.8904,-0.0062,-0.0211,0.0005,15.6,19.54,39.46,False,,,0,9.9,37.7797461,-122.4123193,9.37,0.8971
66.64,0.9253,0.1093,10.0775,0.0262,-0.0113,0.0005,15.6,19.54,39.87,False,,,0,9.9,37.7797514,-122.4123109,9.46,0.8972
66.74,0.0451,0.0381,10.0977,-0.0488,0.0149,0.0005,15.59,19.54,39.52,False,,,0,9.9,37.7797567,-122.4123024,9.48,0.8972
66.84,-1.9248,0.1772,9.5542,-0.0171,-0.0021,0.0005,15.59,19.54,40.61,False,,,0,9.9,37.779762,-122.412294,9.42,0.8973
66.94,-0.8215,-0.1633,9.7138,-0.0277,0.0226,0.0005,15.59,19.54,40.7,False,,,0,9.9,37.7797672,-122.4122859,9.17,0.8973
67.04,1.3637,0.125,9.8342,-0.0247,-0.0165,0.0005,15.59,19.54,40.13,False,,,0,9.9,37.7797723,-122.4122777,9.23,0.8974
67.14,1.9187,-0.1465,9.7203,0.0161,0.0173,0.0005,15.59,19.54,40.31,False,,,0,9.9,37.7797776,-122.4122693,9.41,0.8974
67.24,-3.1179,-0.0947,9.9821,0.0165,-0.02,0.0004,15.59,19.54,39.41,False,,,0,9.9,37.779783,-122.4122608,9.56,0.8975
67.34,-3.5164,0.066,10.2225,0.0151,0.0196,0.0004,15.59,19.54,39.33,False,,,0,9.9,37.7797879,-122.412253,8.77,0.8975
67.44,1.8207,-0.011,9.7559,-0.0159,-0.0172,0.0004,15.59,19.54,39.39,False,,,0,9.9,37.7797928,-122.4122452,8.83,0.8975
67.54,1.9101,-0.0959,10.0998,-0.006,-0.0396,0.0004,15.59,19.55,39.43,False,,,0,9.9,37.779798,-122.412237,9.13,0.8976
67.64,-1.2809,0.0332,9.8862,0.0419,0.0073,0.0004,15.59,19.55,39.75,False,,,0,9.9,37.7798031,-122.4122288,9.23,0.8976
67.74,-1.5701,-0.0408,9.9939,-0.0108,-0.024,0.0004,15.59,19.55,39.6,False,,,0,9.9,37.7798081,-122.4122209,8.92,0.8977
67.84,0.7198,-0.012,9.4748,0.0095,-0.0255,0.0004,15.58,19.55,39.88,False,,,0,9.9,37.7798131,-122.412213,8.87,0.8977
67.94,-0.6893,0.1251,10.0407,-0.0131,-0.0047,0.0004,15.58,19.55,40.5,False,,,0,9.9,37.7798182,-122.4122049,9.08,0.8978
68.04,-1.7367,0.0253,9.4645,-0.0307,-0.0043,0.0004,15.58,19.55,40.51,False,,,0,9.9,37.7798231,-122.4121971,8.78,0.8978
68.14,-0.6264,0.0551,9.8844,-0.0094,-0.0028,0.0004,15.58,19.55,39.81,False,,,0,9.9,37.779828,-122.4121893,8.74,0.8978
68.24,0.6687,0.1193,9.393,0.0159,-0.0061,0.0004,15.58,19.55,39.53,False,,,0,9.9,37.7798329,-122.4121816,8.66,0.8979
68.34,1.7953,0.0146,9.5695,-0.0242,0.0351,0.0004,15.58,19.55,40.28,False,,,0,9.9,37.7798379,-122.4121737,8.91,0.8979
68.44,1.0646,0.0638,9.3686,0.0088,-0.0132,0.0004,15.58,19.55,39.58,False,,,0,9.9,37.7798429,-122.4121656,9.05,0.898
68.54,-1.6751,0.0817,9.5579,-0.0111,-0.0077,0.0004,15.58,19.55,39.8,False,,,0,9.9,37.7798481,-122.4121575,9.17,0.898
68.64,-2.1268,-0.0783,9.6388,-0.027,-0.0015,0.0004,15.58,19.55,40.37,False,,,0,9.9,37.779853,-122.4121497,8.74,0.898
68.74,-0.1503,0.0595,10.0043,0.0001,-0.0175,0.0004,15.58,19.55,40.05,False,,,0,9.9,37.7798579,-122.4121419,8.75,0.8981
68.84,1.6404,0.0623,9.394,-0.0351,0.0183,0.0004,15.58,19.55,39.56,False,,,0,9.9,37.7798628,-122.4121342,8.71,0.8981
68.94,1.4783,-0.3218,9.9011,0.0277,-0.0164,0.0004,15.58,19.55,40.04,False,,,0,9.9,37.7798679,-122.4121261,9.08,0.8982
69.04,-1.9816,-0.017,9.5562,-0.0184,-0.0379,0.0004,15.58,19.56,40.19,False,,,0,9.9,37.7798728,-122.4121181,8.91,0.8982
69.14,-2.228,-0.1313,9.8979,-0.0109,0.0189,0.0004,15.57,19.56,40.08,False,,,0,9.9,37.7798777,-122.4121104,8.68,0.8982
69.24,1.8411,-0.0973,9.678,0.0155,-0.0005,0.0004,15.57,19.56,40.45,False,,,0,9.9,37.7798824,-122.4121029,8.39,0.8983
69.34,1.8084,-0.1234,9.3223,0.0043,-0.0,0.0004,15.57,19.56,40.64,False,,,0,9.9,37.7798875,-122.4120949,9.01,0.8983
69.44,-0.3217,-0.0839,9.8828,-0.0066,0.0023,0.0004,15.57,19.56,40.87,False,,,0,9.9,37.7798924,-122.4120871,8.77,0.8983
69.54,-0.0588,-0.07,9.7256,0.0071,0.0081,0.0004,15.57,19.56,40.17,False,,,0,9.9,37.7798974,-122.4120791,8.98,0.8984
69.64,-1.9263,0.0829,10.2175,0.0027,-0.0302,0.0004,15.57,19.56,39.38,False,,,0,9.9,37.7799023,-122.4120714,8.74,0.8984
69.74,1.1498,-0.0161,9.5183,-0.0053,0.0248,0.0004,15.57,19.56,40.29,False,,,0,9.9,37.7799071,-122.4120637,8.6,0.8985
69.84,0.1692,-0.1732,9.6887,-0.0276,0.0036,0.0003,15.57,19.56,40.09,False,,,0,9.9,37.7799122,-122.4120557,9.01,0.8985
69.94,-2.0231,-0.1085,9.5235,-0.0058,-0.012,0.0003,15.57,19.56,39.88,False,,,0,9.9,37.779917,-122.412048,8.61,0.8985
70.04,1.0,-0.0081,9.6931,0.0179,0.0343,0.0003,15.57,19.56,39.9,False,,,0,9.9,37.7799218,-122.4120403,8.62,0.8986
70.14,0.4947,-0.0186,9.9872,0.0199,-0.0396,0.0003,15.57,19.56,39.43,False,,,0,9.9,37.7799267,-122.4120325,8.79,0.8986
70.24,-1.8844,0.2057,9.7128,0.0187,-0.0058,0.0003,15.57,19.56,40.29,False,,,0,9.9,37.7799316,-122.4120247,8.77,0.8986
70.34,-0.7819,-0.035,9.6212,-0.0297,-0.0078,0.0003,15.57,19.56,39.83,False,,,0,9.9,37.7799364,-122.4120172,8.44,0.8987
70.44,2.3409,0.0878,9.866,0.0203,0.0087,0.0003,15.57,19.56,39.81,False,,,0,9.9,37.7799412,-122.4120095,8.65,0.8987
70.54,-3.7859,0.1078,9.1616,-0.014,-0.0231,0.0003,15.57,19.56,39.58,False,,,0,9.9,37.7799462,-122.4120016,8.87,0.8987
70.64,-2.0925,0.1209,9.7583,0.0305,-0.0114,0.0003,15.56,19.56,39.59,False,,,0,9.9,37.7799506,-122.4119945,7.92,0.8988
70.74,2.5797,0.0032,9.887,0.0169,0.0015,0.0003,15.56,19.56,40.87,False,,,0,9.9,37.7799553,-122.4119871,8.4,0.8988
70.84,1.1091,-0.0363,9.9405,0.0023,0.0207,0.0003,15.56,19.56,40.41,False,,,0,9.9,37.7799601,-122.4119795,8.51,0.8988
70.94,0.1706,0.121,9.7976,0.003,0.0167,0.0003,15.56,19.57,39.74,False,,,0,9.9,37.7799649,-122.4119718,8.65,0.8988
71.04,-1.6124,-0.0891,9.9377,-0.0278,0.0003,0.0003,15.56,19.57,39.68,False,,,0,9.9,37.7799697,-122.4119642,8.5,0.8989
71.14,-1.3522,0.1145,9.577,-0.013,0.0233,0.0003,15.56,19.57,39.91,False,,,0,9.9,37.7799744,-122.4119568,8.35,0.8989
71.24,-0.399,0.1159,9.3468,-0.0114,-0.0295,0.0003,15.56,19.57,39.68,False,,,0,9.9,37.779979,-122.4119494,8.22,0.8989
71.34,1.8618,0.0367,9.9668,0.0171,-0.0005,0.0003,15.56,19.57,40.01,False,,,0,9.9,37.7799836,-122.4119421,8.29,0.899
71.44,1.0907,0.0155,9.3865,0.0139,-0.0174,0.0003,15.56,19.57,39.63,False,,,0,9.9,37.7799884,-122.4119344,8.58,0.899
71.54,-2.4047,-0.032,10.1906,-0.004,-0.0155,0.0003,15.56,19.57,40.61,False,,,0,9.9,37.7799932,-122.4119269,8.47,0.899
71.64,-2.3205,0.031,9.3045,-0.0394,0.0039,0.0003,15.56,19.57,38.66,False,,,0,9.9,37.7799977,-122.4119197,8.08,0.899
71.74,2.5147,-0.0561,9.9247,0.0112,-0.0022,0.0003,15.56,19.57,40.4,False,,,0,9.9,37.7800022,-122.4119125,8.02,0.8991
71.84,0.9047,-0.021,9.5858,0.028,0.0467,0.0003,15.56,19.57,39.88,False,,,0,9.9,37.7800069,-122.4119049,8.55,0.8991
71.94,-1.1023,-0.1258,9.9681,0.0121,0.0103,0.0003,15.56,19.57,40.12,False,,,0,9.9,37.7800115,-122.4118976,8.19,0.8991
72.04,0.9846,0.0313,9.8322,-0.0106,0.0073,0.0003,15.56,19.57,39.35,False,,,0,9.9,37.7800162,-122.4118903,8.27,0.8992
72.14,-1.0978,0.1321,9.4134,-0.0248,-0.0208,0.0003,15.56,19.57,40.36,False,,,0,9.9,37.7800208,-122.4118829,8.3,0.8992
72.24,-0.0306,-0.1123,9.7935,-0.0082,-0.0129,0.0003,15.56,19.57,39.91,False,,,0,9.9,37.7800253,-122.4118757,8.06,0.8992
72.34,0.5805,-0.0235,10.1412,0.0115,-0.0099,0.0002,15.56,19.57,39.54,False,,,0,9.9,37.7800299,-122.4118683,8.25,0.8992
72.44,-0.0376,-0.0826,9.6477,0.0249,0.0002,0.0002,15.55,19.57,40.82,False,,,0,9.9,37.7800345,-122.411861,8.19,0.8993
72.54,-0.4611,0.0571,9.9215,-0.0225,0.0067,0.0002,15.55,19.57,40.33,False,,,0,9.9,37.7800391,-122.4118537,8.18,0.8993
72.64,-0.3941,0.0796,10.0452,-0.0077,-0.0023,0.0002,15.55,19.57,39.82,False,,,0,9.9,37.7800436,-122.4118465,8.08,0.8993
72.74,0.2856,0.1322,9.7599,-0.008,0.0059,0.0002,15.55,19.57,39.4,False,,,0,9.9,37.7800481,-122.4118393,8.09,0.8993
72.84,-1.0283,-0.0258,9.4059,-0.0027,0.0075,0.0002,15.55,19.57,39.43,False,,,0,9.9,37.7800527,-122.4118321,8.13,0.8994
72.94,0.3822,0.1127,9.4929,-0.0211,-0.0171,0.0002,15.55,19.57,39.94,False,,,0,9.9,37.7800571,-122.4118251,7.82,0.8994
73.04,1.6146,0.1175,10.0121,-0.0192,-0.0102,0.0002,15.55,19.57,40.78,False,,,0,9.9,37.7800616,-122.4118178,8.17,0.8994
73.14,-1.0443,0.0636,10.3118,-0.0197,0.0251,0.0002,15.55,19.57,39.99,False,,,0,9.9,37.7800662,-122.4118106,8.13,0.8994
73.24,-1.7259,-0.0179,9.2661,0.0053,-0.0133,0.0002,15.55,19.57,39.15,False,,,0,9.9,37.7800707,-122.4118035,8.01,0.8994
73.34,-1.344,-0.0097,9.8767,-0.0512,-0.0445,0.0002,15.55,19.57,40.37,False,,,0,9.9,37.780075,-122.4117965,7.79,0.8995
73.44,0.9688,0.01,9.8649,-0.0,0.0048,0.0002,15.55,19.58,40.59,False,,,0,9.9,37.7800794,-122.4117896,7.75,0.8995
73.54,0.8482,-0.0157,9.855,0.0254,-0.0146,0.0002,15.55,19.58,39.47,False,,,0,9.9,37.7800838,-122.4117825,7.97,0.8995
73.64,-1.262,0.0359,9.6134,0.0254,0.0027,0.0002,15.55,19.58,40.29,False,,,0,9.9,37.7800883,-122.4117755,7.92,0.8995
73.74,0.5831,-0.0675,9.7077,-0.0047,-0.0016,0.0002,15.55,19.58,41.25,False,,,0,9.9,37.7800926,-122.4117685,7.76,0.8995
73.84,-1.0726,-0.0305,10.0448,0.0534,-0.0125,0.0002,15.55,19.58,39.94,False,,,0,9.9,37.7800971,-122.4117614,8.06,0.8996
73.94,0.2378,0.0038,10.0412,-0.0204,-0.0137,0.0002,15.55,19.58,39.76,False,,,0,9.9,37.7801013,-122.4117546,7.58,0.8996
74.04,2.585,-0.1054,10.3442,0.0185,0.0182,0.0002,15.55,19.58,39.9,False,,,0,9.9,37.7801059,-122.4117474,8.12,0.8996
74.14,-1.7728,-0.0979,9.7407,-0.0134,0.0116,0.0002,15.55,19.58,40.06,False,,,0,9.9,37.7801104,-122.4117402,8.09,0.8996
74.24,-0.6041,0.1576,10.0918,0.0036,-0.0054,0.0002,15.55,19.58,40.85,False,,,0,9.9,37.7801148,-122.4117332,7.79,0.8996
74.34,-1.6293,0.0172,9.7342,0.0245,-0.014,0.0002,15.55,19.58,40.61,False,,,0,9.9,37.7801192,-122.4117262,7.91,0.8996
74.44,-1.1288,0.0908,9.9836,-0.0096,0.0154,0.0002,15.55,19.58,39.31,False,,,0,9.9,37.7801234,-122.4117195,7.45,0.8997
74.54,2.8914,-0.1973,10.2037,0.0101,-0.0385,0.0002,15.55,19.58,40.0,False,,,0,9.9,37.7801277,-122.4117126,7.74,0.8997
74.64,0.2095,0.0609,9.9803,-0.0166,0.0058,0.0002,15.55,19.58,39.54,False,,,0,9.9,37.7801322,-122.4117054,8.09,0.8997
74.74,-0.9277,-0.1515,9.9012,-0.0049,0.0081,0.0002,15.55,19.58,39.44,False,,,0,9.9,37.7801366,-122.4116985,7.79,0.8997
74.84,-2.3497,0.1685,10.5363,0.0139,-0.0076,0.0001,15.55,19.58,39.24,False,,,0,9.9,37.780141,-122.4116914,7.9,0.8997
74.94,0.065,-0.0281,9.7941,0.0245,0.0306,0.0001,15.55,19.58,40.61,False,,,0,9.9,37.7801451,-122.4116849,7.35,0.8997
75.04,0.2233,-0.1339,12.3879,0.0178,-0.0128,0.0001,15.55,19.58,41.21,False,,,0,9.9,37.7801496,-122.4116778,7.96,0.8998
75.14,-3.0094,0.007,11.8585,-0.0153,-0.0065,0.0001,15.54,19.58,40.31,False,,,0,9.9,37.7801537,-122.4116712,7.42,0.8998
75.24,2.4739,0.0672,12.1127,0.013,0.0071,0.0001,15.54,19.58,40.09,False,,,0,9.9,37.7801578,-122.4116646,7.38,0.8998
75.34,0.0392,0.2095,12.4842,0.0113,-0.0236,0.0001,15.54,19.58,39.43,False,,,0,9.9,37.7801623,-122.4116576,7.9,0.8998
75.44,-3.1389,0.0628,12.1992,0.0465,-0.0162,0.0001,15.54,19.58,39.04,False,,,0,9.9,37.7801664,-122.4116509,7.42,0.8998
75.54,2.2704,0.0316,9.7711,-0.0216,-0.0021,0.0001,15.54,19.58,39.84,False,,,0,9.9,37.7801705,-122.4116445,7.27,0.8998
75.64,1.6872,-0.0354,9.5882,0.0171,-0.0074,0.0001,15.54,19.58,39.66,False,,,0,9.9,37.7801749,-122.4116374,7.88,0.8998
75.74,-2.3539,-0.0072,10.1306,-0.0025,0.0036,0.0001,15.54,19.58,40.55,False,,,0,9.9,37.7801791,-122.4116306,7.64,0.8998
75.84,-0.4505,-0.074,9.0181,-0.0101,0.0317,0.0001,15.54,19.58,40.42,False,,,0,9.9,37.7801833,-122.411624,7.45,0.8999
75.94,0.0421,-0.0063,10.1765,0.0064,-0.0072,0.0001,15.54,19.58,39.82,False,,,0,9.9,37.7801875,-122.4116173,7.57,0.8999
76.04,-0.7868,0.0937,10.1529,-0.0178,0.0161,0.0001,15.54,19.58,39.41,False,,,0,9.9,37.7801917,-122.4116106,7.45,0.8999
76.14,0.7737,-0.1593,10.8174,0.0356,-0.0071,0.0001,15.54,19.58,39.88,False,,,0,9.9,37.7801958,-122.411604,7.39,0.8999
76.24,-1.286,-0.0277,10.0781,0.0154,0.0369,0.0001,15.54,19.58,39.75,False,,,0,9.9,37.7802001,-122.4115972,7.62,0.8999
76.34,-1.7058,-0.0195,9.8664,-0.0011,0.0018,0.0001,15.54,19.58,40.13,False,,,0,9.9,37.7802041,-122.4115909,7.09,0.8999
76.44,-0.1103,-0.0858,9.7257,0.0279,0.0032,0.0001,15.54,19.58,40.15,False,,,0,9.9,37.7802082,-122.4115844,7.34,0.8999
76.54,2.6624,0.0229,9.877,-0.0023,-0.0089,0.0001,15.54,19.58,40.75,False,,,0,9.9,37.7802121,-122.411578,7.11,0.8999
76.64,1.5522,-0.0827,10.1233,-0.0238,-0.0257,0.0001,15.54,19.58,39.66,False,,,0,9.9,37.7802165,-122.411571,7.87,0.8999
76.74,-0.3479,-0.0577,9.7838,0.0082,-0.0191,0.0001,15.54,19.58,39.87,False,,,0,9.9,37.7802207,-122.4115644,7.42,0.8999
76.84,-0.3343,-0.0352,9.912,0.0258,-0.008,0.0001,15.54,19.58,40.21,False,,,0,9.9,37.780225,-122.4115575,7.79,0.8999
76.94,-1.4915,0.1378,10.5313,-0.0119,0.0127,0.0001,15.54,19.58,40.16,False,,,0,9.9,37.7802292,-122.4115509,7.36,0.8999
77.04,-0.3596,0.0287,9.7737,0.0197,0.0144,0.0001,15.54,19.58,39.63,False,,,0,9.9,37.7802334,-122.4115442,7.51,0.9
77.14,-0.1684,-0.0943,9.871,-0.0166,0.0255,0.0001,15.54,19.58,40.05,False,,,0,9.9,37.7802374,-122.4115378,7.25,0.9
77.24,0.9309,-0.0399,10.4819,-0.0105,0.0036,0.0001,15.54,19.58,39.82,False,,,0,9.9,37.7802416,-122.4115311,7.5,0.9
77.34,0.1049,-0.0205,9.5184,0.0191,0.0105,0.0,15.54,19.58,39.31,False,,,0,9.9,37.7802458,-122.4115244,7.45,0.9
77.44,0.2162,0.1709,9.7341,-0.0113,0.0135,0.0,15.54,19.58,40.82,False,,,0,9.9,37.78025,-122.4115177,7.51,0.9
77.54,-0.8935,-0.0567,9.7059,-0.0351,-0.0212,0.0,15.54,19.58,40.4,False,,,0,9.9,37.7802541,-122.4115111,7.48,0.9
77.64,-2.0398,0.119,10.0236,0.0301,-0.0471,0.0,15.54,19.58,40.22,False,,,0,9.9,37.7802583,-122.4115045,7.34,0.9
77.74,0.0851,0.164,9.6959,0.0073,0.0038,0.0,15.54,19.58,40.45,False,,,0,9.9,37.7802622,-122.4114982,7.11,0.9
77.84,-0.3596,-0.1742,9.8347,0.022,-0.0293,0.0,15.54,19.58,40.5,False,,,0,9.9,37.7802663,-122.4114916,7.36,0.9
77.94,-2.0358,-0.0817,9.6072,0.0039,-0.0164,0.0,15.54,19.58,40.02,False,,,0,9.9,37.7802703,-122.4114854,7.02,0.9
78.04,0.3094,0.2979,9.7103,0.0137,-0.0514,0.0,15.54,19.58,40.08,False,,,0,9.9,37.7802741,-122.4114792,6.91,0.9
78.14,1.8056,0.0674,9.5001,0.0223,-0.0309,0.0,15.54,19.58,40.74,False,,,0,9.9,37.7802781,-122.4114729,7.05,0.9
78.24,0.7702,-0.0254,9.848,-0.0236,0.0133,0.0,15.54,19.58,40.39,False,,,0,9.9,37.7802821,-122.4114664,7.27,0.9
78.34,0.7241,0.1348,9.7951,-0.0081,0.0191,0.0,15.54,19.58,39.85,False,,,0,9.9,37.7802862,-122.41146,7.19,0.9
78.44,0.0236,-0.0615,10.5654,-0.0166,-0.0137,0.0,15.54,19.58,40.08,False,,,0,9.9,37.7802903,-122.4114534,7.41,0.9
78.54,-1.3664,0.0358,9.7946,0.0329,0.0206,-0.0,15.54,19.58,39.64,False,,,0,9.9,37.7802943,-122.411447,7.16,0.9
78.64,-0.5333,0.196,10.1545,0.0352,-0.0091,-0.0,15.54,19.58,39.82,False,,,0,9.9,37.7802983,-122.4114407,7.16,0.9
78.74,0.6557,-0.0822,9.3762,0.0051,0.001,-0.0,15.54,19.58,39.72,False,,,0,9.9,37.7803023,-122.4114344,7.08,0.9
78.84,0.1997,-0.069,9.5446,0.0229,0.0347,-0.0,15.54,19.58,40.22,False,,,0,9.9,37.7803063,-122.4114278,7.31,0.9
78.94,0.4633,0.0096,10.0414,-0.0128,0.0157,-0.0,15.54,19.58,39.82,False,,,0,9.9,37.7803104,-122.4114215,7.16,0.9
79.04,-0.7323,-0.1549,10.2576,-0.0317,-0.0157,-0.0,15.54,19.58,40.01,False,,,0,9.9,37.7803145,-122.4114148,7.42,0.9
79.14,-1.4175,-0.0225,9.8848,0.0015,0.0041,-0.0,15.54,19.58,40.07,False,,,0,9.9,37.7803184,-122.4114086,7.06,0.9
79.24,-0.7003,0.0295,10.2398,0.0422,-0.004,-0.0,15.54,19.58,40.11,False,,,0,9.9,37.7803225,-122.4114022,7.18,0.9
79.34,-1.8936,-0.1214,10.3623,0.0298,-0.0212,-0.0,15.54,19.58,38.85,False,,,0,9.9,37.7803263,-122.411396,6.91,0.9
79.44,2.1224,0.0125,9.4787,-0.0057,0.0389,-0.0,15.54,19.58,40.81,False,,,0,9.9,37.7803301,-122.4113899,6.8,0.9
79.54,0.5777,-0.0738,9.6087,-0.0269,-0.0168,-0.0,15.54,19.58,40.27,False,,,0,9.9,37.7803342,-122.4113834,7.35,0.9
79.64,-4.0409,-0.0338,9.6894,0.0006,-0.0015,-0.0,15.54,19.58,40.21,False,,,0,9.9,37.7803381,-122.4113772,6.91,0.9
79.74,-0.3846,-0.2557,10.1606,0.0117,0.011,-0.0,15.54,19.58,39.53,False,,,0,9.9,37.7803418,-122.4113714,6.55,0.9
79.84,2.0797,0.0849,9.8152,-0.0124,-0.0367,-0.0001,15.54,19.58,40.09,False,,,0,9.9,37.7803456,-122.4113653,6.83,0.9
79.94,0.7889,-0.1005,9.7046,0.0207,0.0052,-0.0001,15.54,19.58,39.89,False,,,0,9.9,37.7803495,-122.4113591,6.95,0.9
80.04,-1.0705,-0.0778,9.6471,0.0165,0.0258,-0.0001,15.54,19.58,39.73,False,,,0,9.9,37.7803534,-122.4113529,6.98,0.9
80.14,-2.2056,-0.0592,10.3478,-0.0146,-0.0014,-0.0001,15.54,19.58,39.85,False,,,0,9.9,37.7803572,-122.4113468,6.78,0.8999
80.24,0.4587,-0.0346,10.1237,0.0043,0.014,-0.0001,15.54,19.58,39.5,False,,,0,9.9,37.7803608,-122.411341,6.54,0.8999
80.34,4.1826,-0.0303,9.4417,-0.012,0.0203,-0.0001,15.54,19.58,39.44,False,,,0,9.9,37.7803646,-122.4113349,6.82,0.8999
80.44,2.4168,-0.1657,9.4441,-0.0408,0.0302,-0.0001,15.54,19.58,39.66,False,,,0,9.9,37.7803687,-122.4113284,7.35,0.8999
80.54,-3.128,-0.037,9.6781,-0.0398,-0.0037,-0.0001,15.54,19.58,40.29,False,,,0,9.9,37.7803728,-122.4113219,7.3,0.8999
80.64,-0.907,-0.0553,10.0565,-0.0069,0.012,-0.0001,15.54,19.58,40.42,False,,,0,9.9,37.7803766,-122.4113159,6.73,0.8999
80.74,-1.0185,0.1861,9.8446,0.0227,-0.0059,-0.0001,15.54,19.58,40.34,False,,,0,9.9,37.7803806,-122.4113095,7.13,0.8999
80.84,-1.7377,0.1578,9.3282,0.0661,0.0103,-0.0001,15.54,19.58,39.7,False,,,0,9.9,37.7803842,-122.4113037,6.55,0.8999
80.94,0.1766,0.0212,9.6115,-0.0323,-0.0029,-0.0001,15.54,19.58,39.47,False,,,0,9.9,37.780388,-122.4112977,6.72,0.8999
81.05,0.4054,-0.0224,9.7199,-0.0086,-0.0031,-0.0001,15.54,19.58,39.58,False,,,0,9.9,37.7803917,-122.4112918,6.61,0.8999
81.15,0.7049,-0.2929,9.55,-0.0253,0.0116,-0.0001,15.54,19.58,40.38,False,,,0,9.9,37.7803955,-122.4112857,6.84,0.8999
81.25,-0.9702,0.0836,10.1487,0.0387,-0.003,-0.0001,15.54,19.58,40.18,False,,,0,9.9,37.7803992,-122.4112798,6.68,0.8999
81.35,2.3879,0.0122,9.9602,-0.0129,-0.0032,-0.0001,15.54,19.58,40.18,False,,,0,9.9,37.7804029,-122.4112739,6.63,0.8998
81.45,0.2248,-0.0409,10.0723,0.0185,0.0335,-0.0001,15.54,19.58,38.65,False,,,0,9.9,37.7804069,-122.4112675,7.11,0.8998
81.55,-1.5486,0.1259,9.8942,0.0106,-0.0225,-0.0001,15.54,19.58,40.0,False,,,0,9.9,37.7804106,-122.4112616,6.67,0.8998
81.65,2.3015,-0.1059,10.0411,0.0452,-0.0203,-0.0001,15.54,19.58,40.38,False,,,0,9.9,37.7804144,-122.4112555,6.77,0.8998
81.75,-0.8949,0.0819,9.7527,-0.0023,-0.0198,-0.0001,15.54,19.58,40.67,False,,,0,9.9,37.7804184,-122.4112492,7.15,0.8998
81.85,-1.2534,0.0193,9.7384,-0.0197,-0.0404,-0.0001,15.54,19.58,40.04,False,,,0,9.9,37.7804221,-122.4112433,6.57,0.8998
81.95,1.2247,-0.1313,9.7975,-0.0067,0.0027,-0.0001,15.54,19.58,40.34,False,,,0,9.9,37.7804259,-122.4112372,6.86,0.8998
82.05,-1.7201,0.1072,9.5053,0.0001,0.0284,-0.0001,15.55,19.58,39.83,False,,,0,9.9,37.7804297,-122.4112312,6.79,0.8998
82.15,-1.2702,-0.0037,10.2647,0.0205,-0.0233,-0.0001,15.55,19.58,40.02,False,,,0,9.9,37.7804334,-122.4112254,6.49,0.8997
82.25,2.9136,0.0861,10.1928,0.0052,-0.027,-0.0001,15.55,19.58,40.81,False,,,0,9.9,37.780437,-122.4112195,6.57,0.8997
82.35,-0.5064,0.051,9.4111,0.0079,0.0137,-0.0002,15.55,19.58,39.62,False,,,0,9.9,37.780441,-122.4112132,7.05,0.8997
82.45,-1.5226,-0.155,9.5727,-0.0067,-0.0198,-0.0002,15.55,19.58,40.65,False,,,0,9.9,37.7804446,-122.4112074,6.51,0.8997
82.55,2.6246,-0.0784,9.8585,-0.0199,0.0124,-0.0002,15.55,19.58,40.78,False,,,0,9.9,37.7804484,-122.4112014,6.79,0.8997
82.65,-0.3397,0.0768,9.9107,-0.0065,0.0028,-0.0002,15.55,19.58,39.51,False,,,0,9.9,37.7804523,-122.4111952,6.97,0.8997
82.75,-1.4089,0.1138,9.3734,-0.0238,-0.0034,-0.0002,15.55,19.58,40.34,False,,,0,9.9,37.7804561,-122.4111892,6.74,0.8996
82.85,-1.247,-0.0219,10.0144,0.0228,0.0198,-0.0002,15.55,19.58,40.54,False,,,0,9.9,37.7804598,-122.4111832,6.69,0.8996
82.95,-1.1974,0.0875,9.8914,-0.007,-0.0282,-0.0002,15.55,19.58,40.42,False,,,0,9.9,37.7804634,-122.4111774,6.48,0.8996
83.05,1.3276,-0.0753,10.1335,-0.0198,0.0132,-0.0002,15.55,19.58,40.05,False,,,0,9.9,37.780467,-122.4111717,6.43,0.8996
83.15,2.4087,0.0223,9.3989,-0.0094,-0.0026,-0.0002,15.55,19.58,39.95,False,,,0,9.9,37.7804708,-122.4111657,6.74,0.8996
83.25,-1.6174,0.0135,10.0306,-0.0148,-0.0007,-0.0002,15.55,19.58,40.1,False,,,0,9.9,37.7804747,-122.4111595,6.94,0.8996
83.35,-0.7622,-0.0578,10.3969,-0.0056,0.0156,-0.0002,15.55,19.58,39.73,False,,,0,9.9,37.7804783,-122.4111538,6.43,0.8995
83.45,2.1891,-0.1207,10.1954,0.0161,-0.0316,-0.0002,15.55,19.58,39.62,False,,,0,9.9,37.7804821,-122.4111478,6.73,0.8995
83.55,-1.1329,0.0356,9.511,-0.0197,-0.0185,-0.0002,15.55,19.58,39.57,False,,,0,9.9,37.7804859,-122.4111417,6.88,0.8995
83.65,-1.8208,0.1743,9.6198,-0.0192,-0.015,-0.0002,15.55,19.58,40.32,False,,,0,9.9,37.7804896,-122.4111358,6.56,0.8995
83.75,0.0565,-0.0127,9.6043,0.0139,0.0075,-0.0002,15.55,19.57,39.35,False,,,0,9.9,37.7804932,-122.41113,6.53,0.8995
83.85,0.5895,0.1224,10.4844,0.0102,-0.0062,-0.0002,15.55,19.57,40.6,False,,,0,9.9,37.7804969,-122.4111241,6.6,0.8994
83.95,-1.4994,0.0723,9.6546,0.0071,-0.012,-0.0002,15.55,19.57,40.32,False,,,0,9.9,37.7805006,-122.4111182,6.62,0.8994
84.05,-0.4378,-0.0018,9.3635,0.0037,0.0122,-0.0002,15.55,19.57,40.49,False,,,0,9.9,37.7805042,-122.4111126,6.33,0.8994
84.15,0.6735,0.1272,9.6915,0.0217,-0.0221,-0.0002,15.55,19.57,39.89,False,,,0,9.9,37.7805078,-122.4111067,6.54,0.8994
84.25,0.012,0.1279,9.9651,-0.0212,0.0178,-0.0002,15.55,19.57,39.76,False,,,0,9.9,37.7805115,-122.411101,6.48,0.8993
84.35,0.4417,-0.0098,10.0306,0.0117,-0.0095,-0.0002,15.55,19.57,40.2,False,,,0,9.9,37.7805151,-122.4110952,6.52,0.8993
84.45,1.0476,-0.097,9.5638,-0.0282,0.0071,-0.0002,15.55,19.57,40.0,False,,,0,9.9,37.7805188,-122.4110892,6.63,0.8993
84.55,-1.1432,0.0912,10.1555,0.0242,0.007,-0.0002,15.55,19.57,40.52,False,,,0,9.9,37.7805226,-122.4110833,6.72,0.8993
84.65,-2.5728,0.1627,9.3723,0.0087,0.007,-0.0002,15.55,19.57,40.21,False,,,0,9.9,37.7805262,-122.4110776,6.4,0.8993
84.75,-0.3521,-0.0066,9.6245,-0.0057,-0.0196,-0.0002,15.56,19.57,39.75,False,,,0,9.9,37.7805297,-122.411072,6.25,0.8992
84.85,-0.1874,0.0598,9.8453,-0.0044,0.0119,-0.0003,15.56,19.57,39.48,False,,,0,9.9,37.7805332,-122.4110663,6.36,0.8992
84.95,-0.0096,-0.007,9.1852,-0.0049,0.033,-0.0003,15.56,19.57,39.91,False,,,0,9.9,37.7805367,-122.4110608,6.23,0.8992
85.05,1.9601,0.1191,9.7633,-0.0024,0.0503,-0.0003,15.56,19.57,40.45,False,,,0,9.9,37.7805403,-122.4110551,6.4,0.8992
85.15,-0.7699,0.0702,9.9403,0.0026,-0.017,-0.0003,15.56,19.57,39.11,False,,,0,9.9,37.780544,-122.4110492,6.62,0.8991
85.25,-1.8278,0.171,10.0125,0.0301,0.0246,-0.0003,15.56,19.57,40.65,False,,,0,9.9,37.7805474,-122.4110437,6.18,0.8991
85.35,1.256,-0.0055,9.0421,0.0198,-0.0178,-0.0003,15.56,19.57,39.79,False,,,0,9.9,37.7805509,-122.4110381,6.25,0.8991
85.45,0.8722,-0.0897,10.1626,0.0089,-0.0066,-0.0003,15.56,19.57,40.61,False,,,0,9.9,37.7805546,-122.4110323,6.47,0.899
85.55,-1.0087,0.1004,10.0101,-0.0111,0.0172,-0.0003,15.56,19.57,40.22,False,,,0,9.9,37.7805581,-122.4110267,6.39,0.899
85.65,-0.2832,-0.0497,9.8603,-0.0025,-0.0144,-0.0003,15.56,19.57,40.97,False,,,0,9.9,37.7805617,-122.4110211,6.27,0.899
85.75,1.9539,-0.0569,9.9751,0.0307,-0.0049,-0.0003,15.56,19.57,40.81,False,,,0,9.9,37.7805652,-122.4110154,6.32,0.899
85.85,-2.3993,-0.2224,9.6046,-0.0091,0.0061,-0.0003,15.56,19.57,40.18,False,,,0,9.9,37.7805689,-122.4110095,6.66,0.8989
85.95,-2.5253,-0.0814,9.8421,0.0196,0.0314,-0.0003,15.56,19.57,39.86,False,,,0,9.9,37.7805722,-122.4110043,5.87,0.8989
86.05,1.6306,-0.114,9.746,0.0117,-0.0183,-0.0003,15.56,19.57,40.71,False,,,0,9.9,37.7805757,-122.4109988,6.16,0.8989
86.15,0.8386,0.0609,9.2236,-0.0089,0.0186,-0.0003,15.56,19.57,40.37,False,,,0,9.9,37.7805791,-122.4109933,6.2,0.8988
86.25,-1.1685,0.0528,9.6871,0.0057,0.0122,-0.0003,15.56,19.56,39.74,False,,,0,9.9,37.7805827,-122.4109876,6.38,0.8988
86.35,0.4172,-0.0334,9.9934,-0.0267,0.0406,-0.0003,15.56,19.56,40.48,False,,,0,9.9,37.780586,-122.4109823,5.98,0.8988
86.45,1.1342,0.1567,9.643,0.0029,-0.0136,-0.0003,15.56,19.56,39.72,False,,,0,9.9,37.7805897,-122.4109765,6.47,0.8988
86.55,-1.5991,-0.2141,10.1577,0.0223,-0.0192,-0.0003,15.57,19.56,39.99,False,,,0,9.9,37.7805931,-122.410971,6.18,0.8987
86.65,-0.0869,-0.1295,9.5737,-0.0106,0.0095,-0.0003,15.57,19.56,39.82,False,,,0,9.9,37.7805966,-122.4109655,6.2,0.8987
86.75,-0.5092,0.1943,9.821,0.0056,-0.0116,-0.0003,15.57,19.56,40.85,False,,,0,9.9,37.7806,-122.41096,6.14,0.8987
86.85,1.1435,0.0419,9.8332,0.0182,-0.0044,-0.0003,15.57,19.56,40.63,False,,,0,9.9,37.7806035,-122.4109546,6.11,0.8986
86.95,0.7731,0.1045,9.4679,0.0175,0.0765,-0.0003,15.57,19.56,39.7,False,,,0,9.9,37.780607,-122.4109489,6.33,0.8986
87.05,-1.6073,0.029,9.5773,0.0042,0.0054,-0.0003,15.57,19.56,39.46,False,,,0,9.9,37.7806105,-122.4109434,6.27,0.8986
87.15,0.1917,0.1575,9.9643,-0.0124,0.0303,-0.0003,15.57,19.56,39.02,False,,,0,9.9,37.7806139,-122.410938,5.99,0.8985
87.25,1.9165,0.1023,10.1819,-0.0275,-0.0089,-0.0003,15.57,19.56,39.79,False,,,0,9.9,37.7806174,-122.4109325,6.26,0.8985
87.35,-1.9504,-0.001,10.1533,0.0245,0.0293,-0.0004,15.57,19.56,39.88,False,,,0,9.9,37.780621,-122.4109268,6.39,0.8985
87.45,-0.781,0.0039,9.6285,0.0135,-0.0129,-0.0004,15.57,19.56,40.12,False,,,0,9.9,37.7806243,-122.4109215,5.91,0.8984
87.55,2.1744,-0.1662,9.8755,0.0085,-0.0326,-0.0004,15.57,19.56,40.63,False,,,0,9.9,37.7806278,-122.4109159,6.25,0.8984
87.65,-1.4007,0.0042,10.2949,-0.0194,-0.0063,-0.0004,15.57,19.56,39.52,False,,,0,9.9,37.7806314,-122.4109102,6.41,0.8983
87.75,-2.1415,0.0173,10.076,-0.0107,-0.0201,-0.0004,15.57,19.56,40.32,False,,,0,9.9,37.7806347,-122.4109049,6.01,0.8983
87.85,2.6218,0.026,9.8633,-0.0207,-0.0031,-0.0004,15.57,19.56,40.75,False,,,0,9.9,37.7806381,-122.4108996,5.98,0.8983
87.95,2.0829,-0.0921,9.5255,0.0053,0.0057,-0.0004,15.57,19.56,40.35,False,,,0,9.9,37.7806417,-122.4108938,6.53,0.8982
88.05,0.0146,-0.0404,10.4297,-0.0086,0.009,-0.0004,15.58,19.56,40.28,False,,,0,9.9,37.7806453,-122.410888,6.43,0.8982
88.15,-0.2613,-0.0265,9.1937,0.0268,-0.0078,-0.0004,15.58,19.55,40.43,False,,,0,9.9,37.780649,-122.4108822,6.54,0.8982
88.25,-1.9042,-0.1335,10.189,0.017,-0.0184,-0.0004,15.58,19.55,40.49,False,,,0,9.9,37.7806526,-122.4108765,6.37,0.8981
88.35,-0.0455,-0.0925,9.3186,0.0103,0.0028,-0.0004,15.58,19.55,39.97,False,,,0,9.9,37.780656,-122.4108711,6.17,0.8981
88.45,0.4024,-0.1433,10.1225,0.0235,-0.0197,-0.0004,15.58,19.55,40.74,False,,,0,9.9,37.7806596,-122.4108654,6.32,0.898
88.55,-0.0152,-0.2279,9.9994,0.0211,0.0119,-0.0004,15.58,19.55,39.84,False,,,0,9.9,37.780663,-122.4108599,6.21,0.898
88.65,-0.8261,0.1577,9.3938,0.0019,-0.0007,-0.0004,15.58,19.55,40.48,False,,,0,9.9,37.7806666,-122.4108543,6.28,0.898
88.75,1.0613,-0.0144,9.6163,-0.0021,-0.0406,-0.0004,15.58,19.55,40.3,False,,,0,9.9,37.7806699,-122.410849,6.02,0.8979
88.85,-0.1618,-0.0453,9.6989,0.0115,-0.0081,-0.0004,15.58,19.55,40.09,False,,,0,9.9,37.7806736,-122.4108432,6.5,0.8979
88.95,-1.1173,-0.1142,9.5349,-0.0376,0.0482,-0.0004,15.58,19.55,39.47,False,,,0,9.9,37.7806769,-122.4108379,5.97,0.8978
89.05,1.2686,-0.1207,9.8015,0.0038,-0.0021,-0.0004,15.58,19.55,39.84,False,,,0,9.9,37.7806804,-122.4108323,6.28,0.8978
89.15,1.238,0.0958,9.1832,0.0398,-0.0123,-0.0004,15.58,19.55,39.76,False,,,0,9.9,37.7806839,-122.4108267,6.21,0.8978
89.25,0.3573,0.0184,10.1206,0.0128,-0.0184,-0.0004,15.58,19.55,39.91,False,,,0,9.9,37.7806876,-122.4108209,6.52,0.8977
89.35,-2.5878,0.002,9.9662,0.0192,0.0002,-0.0004,15.59,19.55,38.76,False,,,0,9.9,37.7806911,-122.4108153,6.29,0.8977
89.45,-1.1846,-0.0448,9.668,0.009,-0.0562,-0.0004,15.59,19.55,39.76,False,,,0,9.9,37.7806945,-122.41081,5.99,0.8976
89.55,1.3594,-0.0329,9.6814,0.0397,0.0119,-0.0004,15.59,19.55,39.9,False,,,0,9.9,37.7806979,-122.4108046,6.07,0.8976
89.65,0.4905,-0.0586,9.7896,-0.0115,0.0008,-0.0004,15.59,19.54,39.3,False,,,0,9.9,37.7807014,-122.4107991,6.22,0.8975
89.75,0.1524,-0.0231,9.609,0.0098,-0.0337,-0.0004,15.59,19.54,40.33,False,,,0,9.9,37.7807048,-122.4107936,6.16,0.8975
89.85,-0.5591,-0.0225,9.8274,0.0055,0.004,-0.0004,15.59,19.54,40.93,False,,,0,9.9,37.7807083,-122.410788,6.27,0.8975
89.95,-2.4567,0.0083,9.7403,-0.0073,0.0055,-0.0005,15.59,19.54,40.32,False,,,0,9.9,37.7807117,-122.4107826,6.07,0.8974
90.05,1.1561,-0.1552,10.3778,-0.0152,-0.0411,-0.0005,15.59,19.54,39.6,False,,,0,9.9,37.780715,-122.4107775,5.77,0.8974
90.15,1.7263,0.1386,10.0348,-0.0143,0.0131,-0.0005,15.59,19.54,39.73,False,,,0,9.9,37.7807185,-122.4107719,6.27,0.8973
90.25,-0.0202,-0.0206,9.5945,0.0086,-0.0112,-0.0005,15.59,19.54,40.14,False,,,0,9.9,37.7807219,-122.4107665,6.07,0.8973
90.35,-0.8525,-0.0256,10.2028,-0.0181,0.0082,-0.0005,15.59,19.54,39.19,False,,,0,9.9,37.7807254,-122.4107609,6.28,0.8972
90.45,-1.6753,0.0672,10.0749,-0.0248,-0.0278,-0.0005,15.6,19.54,40.46,False,,,0,9.9,37.7807287,-122.4107557,5.91,0.8972
90.55,1.8849,0.0297,9.6405,0.0114,-0.0026,-0.0005,15.6,19.54,39.68,False,,,0,9.9,37.7807321,-122.4107504,5.93,0.8971
90.65,0.0217,-0.0999,9.9779,0.0426,0.0053,-0.0005,15.6,19.54,38.75,False,,,0,9.9,37.7807356,-122.4107448,6.33,0.8971
90.75,0.0007,-0.013,9.3828,0.0124,0.0181,-0.0005,15.6,19.54,39.81,False,,,0,9.9,37.7807389,-122.4107395,5.89,0.897
90.85,0.8261,-0.2043,9.6329,0.0081,-0.0178,-0.0005,15.6,19.54,40.69,False,,,0,9.9,37.7807425,-122.4107339,6.31,0.897
90.95,-0.1768,-0.0896,9.5661,-0.0253,-0.0237,-0.0005,15.6,19.54,40.28,False,,,0,9.9,37.7807458,-122.4107286,5.99,0.8969
91.05,1.3647,0.0444,9.4414,-0.008,-0.0119,-0.0005,15.6,19.53,40.28,False,,,0,9.9,37.7807494,-122.410723,6.28,0.8969
91.15,-1.9012,0.0711,10.1891,0.0084,-0.0178,-0.0005,15.6,19.53,39.62,False,,,0,9.9,37.7807529,-122.4107175,6.26,0.8968
91.25,-2.3061,-0.1346,10.0665,-0.0338,-0.0087,-0.0005,15.6,19.53,39.45,False,,,0,9.9,37.7807562,-122.4107122,5.89,0.8968
91.35,0.7281,0.1321,9.5665,-0.0385,0.011,-0.0005,15.6,19.53,39.68,False,,,0,9.9,37.7807594,-122.4107071,5.79,0.8967
91.45,3.002,-0.0506,10.2043,-0.0179,0.0127,-0.0005,15.61,19.53,39.28,False,,,0,9.9,37.7807628,-122.4107017,6.01,0.8967
91.55,1.5582,-0.0287,10.1005,0.0363,0.0003,-0.0005,15.61,19.53,39.5,False,,,0,9.9,37.7807664,-122.410696,6.4,0.8966
91.65,-2.6036,0.0202,9.6121,-0.0116,-0.0241,-0.0005,15.61,19.53,40.56,False,,,0,9.9,37.7807699,-122.4106904,6.29,0.8966
91.75,-2.3704,0.1227,9.7016,0.0333,-0.0311,-0.0005,15.61,19.53,39.67,False,,,0,9.9,37.7807732,-122.4106852,5.87,0.8965
91.85,1.8296,-0.0457,9.8095,-0.0039,-0.0222,-0.0005,15.61,19.53,40.66,False,,,0,9.9,37.7807765,-122.4106801,5.82,0.8965
91.95,0.2019,-0.1415,10.1314,0.0138,-0.0111,-0.0005,15.61,19.53,39.46,False,,,0,9.9,37.78078,-122.4106746,6.18,0.8964
92.05,-0.6947,-0.1202,10.1524,0.0232,-0.0056,-0.0005,15.61,19.53,40.61,False,,,0,9.9,37.7807832,-122.4106694,5.85,0.8964
92.15,0.0177,-0.0412,9.4905,0.0076,-0.0048,-0.0005,15.61,19.53,39.81,False,,,0,9.9,37.7807866,-122.410664,5.99,0.8963
92.25,0.0776,0.2541,9.9185,-0.0073,-0.0209,-0.0005,15.61,19.52,40.71,False,,,0,9.9,37.7807899,-122.4106589,5.84,0.8963
92.35,0.7775,0.0036,9.8827,-0.0226,0.0099,-0.0005,15.61,19.52,40.1,False,,,0,9.9,37.7807932,-122.4106535,5.98,0.8962
92.45,1.9645,-0.0466,9.8174,0.0163,0.0067,-0.0005,15.62,19.52,40.71,False,,,0,9.9,37.7807966,-122.4106482,6.0,0.8962
92.55,-0.8674,0.3135,10.7546,0.0037,0.0226,-0.0006,15.62,19.52,39.29,False,,,0,9.9,37.7808002,-122.4106425,6.38,0.8961
92.65,-0.9023,0.2002,9.9157,-0.0057,0.0065,-0.0006,15.62,19.52,40.05,False,,,0,9.9,37.7808035,-122.4106374,5.83,0.896
92.75,2.6268,0.0006,10.4211,-0.0053,0.0247,-0.0006,15.62,19.52,40.59,False,,,0,9.9,37.780807,-122.4106318,6.24,0.896
92.85,-0.2047,0.123,9.7667,0.0232,-0.0249,-0.0006,15.62,19.52,40.2,False,,,0,9.9,37.7808105,-122.4106262,6.34,0.8959
92.95,0.6521,0.0475,9.1979,-0.0092,0.0035,-0.0006,15.62,19.52,39.71,False,,,0,9.9,37.780814,-122.4106207,6.22,0.8959
93.05,-1.3106,-0.097,9.9049,0.014,-0.007,-0.0006,15.62,19.52,39.94,False,,,0,9.9,37.7808177,-122.4106149,6.46,0.8958
93.15,-2.7557,0.1259,9.7539,0.0131,-0.0108,-0.0006,15.62,19.52,39.09,False,,,0,9.9,37.780821,-122.4106097,5.92,0.8958
93.25,0.0899,-0.0585,9.28,-0.0265,0.0125,-0.0006,15.62,19.52,40.96,False,,,0,9.9,37.7808243,-122.4106044,5.95,0.8957
93.35,0.0465,0.0336,10.1253,0.0177,0.0237,-0.0006,15.63,19.52,40.66,False,,,0,9.9,37.7808277,-122.4105991,5.96,0.8956
93.45,2.4003,-0.0021,9.7293,-0.0053,0.0173,-0.0006,15.63,19.51,39.13,False,,,0,9.9,37.780831,-122.4105938,5.94,0.8956
93.55,0.7267,-0.0693,10.4287,0.0136,0.0423,-0.0006,15.63,19.51,40.38,False,,,0,9.9,37.7808346,-122.4105881,6.4,0.8955
93.65,-3.6624,0.0501,9.9468,0.0146,0.0012,-0.0006,15.63,19.51,40.06,False,,,0,9.9,37.780838,-122.4105827,6.08,0.8955
93.75,-0.4517,0.0008,9.6341,-0.0298,0.0207,-0.0006,15.63,19.51,39.37,False,,,0,9.9,37.7808412,-122.4105778,5.6,0.8954
93.85,2.8124,-0.093,10.0323,0.0027,0.0099,-0.0006,15.63,19.51,39.99,False,,,0,9.9,37.7808445,-122.4105724,5.98,0.8953
93.95,0.0726,-0.0621,9.694,0.0218,0.0054,-0.0006,15.63,19.51,40.07,False,,,0,9.9,37.780848,-122.410567,6.16,0.8953
94.05,-0.6859,0.1413,9.9611,-0.0047,0.0243,-0.0006,15.63,19.51,40.1,False,,,0,9.9,37.7808514,-122.4105616,6.01,0.8952
94.15,0.6563,0.0591,9.8544,0.0195,-0.0183,-0.0006,15.63,19.51,40.39,False,,,0,9.9,37.7808548,-122.4105563,6.03,0.8952
94.25,-1.442,0.0501,9.8239,0.0139,0.0141,-0.0006,15.64,19.51,39.81,False,,,0,9.9,37.7808583,-122.4105508,6.2,0.8951
94.35,-1.1157,0.0157,10.341,0.0095,0.0311,-0.0006,15.64,19.51,39.6,False,,,0,9.9,37.7808615,-122.4105457,5.77,0.895
94.45,0.2938,0.0215,9.6663,0.0015,-0.02,-0.0006,15.64,19.5,40.04,False,,,0,9.9,37.7808649,-122.4105404,5.94,0.895
94.55,1.7551,-0.0285,9.4697,-0.0182,-0.0003,-0.0006,15.64,19.5,39.88,False,,,0,9.9,37.7808681,-122.4105352,5.85,0.8949
94.65,1.6963,-0.1814,9.0927,-0.0053,0.0175,-0.0006,15.64,19.5,40.29,False,,,0,9.9,37.7808717,-122.4105296,6.31,0.8949
94.75,-1.6884,0.0474,10.1986,-0.021,-0.015,-0.0006,15.64,19.5,39.72,False,,,0,9.9,37.7808752,-122.4105241,6.22,0.8948
94.85,-1.0382,0.1158,9.8423,-0.0136,-0.0408,-0.0006,15.64,19.5,39.81,False,,,0,9.9,37.7808786,-122.4105188,5.97,0.8947
94.95,-1.4272,0.0605,9.7361,-0.0097,0.0092,-0.0006,15.64,19.5,39.56,False,,,0,9.9,37.7808819,-122.4105135,6.0,0.8947
95.05,-0.8041,0.0118,9.3552,-0.0207,0.0033,-0.0006,15.65,19.5,39.5,False,,,0,9.9,37.7808851,-122.4105084,5.67,0.8946
95.15,1.0438,-0.2659,9.8809,-0.0002,-0.0085,-0.0007,15.65,19.5,40.28,False,,,0,9.9,37.7808884,-122.4105032,5.83,0.8945
95.25,1.4258,-0.0314,9.7902,0.0048,-0.0423,-0.0007,15.65,19.5,39.16,False,,,0,9.9,37.7808917,-122.410498,5.88,0.8945
95.35,0.2849,-0.1405,9.5605,0.0113,0.0072,-0.0007,15.65,19.5,39.64,False,,,0,9.9,37.7808951,-122.4104927,6.06,0.8944
95.45,-1.5835,-0.0486,9.7741,0.0023,-0.0022,-0.0007,15.65,19.49,39.6,False,,,0,9.9,37.7808985,-122.4104873,5.99,0.8943
95.55,1.0743,-0.0314,9.5113,-0.0239,0.0185,-0.0007,15.65,19.49,40.04,False,,,0,9.9,37.7809017,-122.4104822,5.77,0.8943
95.65,1.505,0.0122,10.7145,0.018,-0.0093,-0.0007,15.65,19.49,39.88,False,,,0,9.9,37.7809052,-122.4104767,6.21,0.8942
95.75,-1.2221,0.0523,9.8807,-0.0077,0.0185,-0.0007,15.65,19.49,39.86,False,,,0,9.9,37.7809087,-122.4104713,6.11,0.8941
95.85,-1.3583,-0.0352,9.7928,-0.0026,-0.0094,-0.0007,15.66,19.49,39.25,False,,,0,9.9,37.780912,-122.410466,5.94,0.8941
95.95,0.3317,-0.0188,9.6462,-0.0086,-0.0085,-0.0007,15.66,19.49,39.97,False,,,0,9.9,37.7809153,-122.4104609,5.84,0.894
96.05,1.9481,0.1016,9.5571,-0.0189,-0.0258,-0.0007,15.66,19.49,39.48,False,,,0,9.9,37.7809187,-122.4104555,6.04,0.8939
96.15,-0.1166,0.1368,9.9729,0.0093,-0.0054,-0.0007,15.66,19.49,39.33,False,,,0,9.9,37.7809222,-122.41045,6.21,0.8939
96.25,-1.2898,0.1122,9.8506,-0.0141,0.0255,-0.0007,15.66,19.49,40.37,False,,,0,9.9,37.7809256,-122.4104446,6.04,0.8938
96.35,-1.7094,0.0794,10.0968,0.0026,-0.0092,-0.0007,15.66,19.49,40.62,False,,,0,9.9,37.7809289,-122.4104394,5.93,0.8937
96.45,0.5396,0.0184,9.9987,0.0012,0.0114,-0.0007,15.66,19.48,40.57,False,,,0,9.9,37.7809322,-122.4104343,5.72,0.8937
96.55,2.7267,-0.1184,10.2178,-0.0147,0.0384,-0.0007,15.67,19.48,40.1,False,,,0,9.9,37.7809356,-122.410429,6.02,0.8936
96.65,0.1129,0.0499,9.9415,0.0065,0.0254,-0.0007,15.67,19.48,39.92,False,,,0,9.9,37.7809391,-122.4104234,6.23,0.8935
96.75,-1.6294,-0.096,10.2164,-0.0198,0.0093,-0.0007,15.67,19.48,39.17,False,,,0,9.9,37.7809425,-122.4104181,6.03,0.8934
96.85,-1.5447,0.0379,9.5515,0.0027,0.0098,-0.0007,15.67,19.48,38.95,False,,,0,9.9,37.7809458,-122.4104129,5.88,0.8934
96.95,-0.098,0.1251,10.1212,0.0371,-0.0157,-0.0007,15.67,19.48,40.08,False,,,0,9.9,37.780949,-122.4104078,5.72,0.8933
97.05,1.4449,-0.0989,9.3123,-0.0166,0.0206,-0.0007,15.67,19.48,40.35,False,,,0,9.9,37.7809523,-122.4104027,5.81,0.8932
97.15,2.4714,0.002,9.6197,0.001,-0.0004,-0.0007,15.67,19.48,38.79,False,,,0,9.9,37.7809557,-122.4103973,6.01,0.8931
97.25,1.676,0.0058,9.5927,-0.0468,-0.0011,-0.0007,15.68,19.48,40.0,False,,,0,9.9,37.7809592,-122.4103918,6.29,0.8931
97.35,0.7752,-0.066,9.8873,0.0142,-0.0341,-0.0007,15.68,19.47,40.79,False,,,0,9.9,37.7809628,-122.4103862,6.3,0.893
97.45,-2.5198,0.067,9.7843,-0.0205,-0.0076,-0.0007,15.68,19.47,39.69,False,,,0,9.9,37.7809664,-122.4103804,6.47,0.8929
97.55,-1.7416,-0.0359,9.5001,0.0035,0.0222,-0.0007,15.68,19.47,40.05,False,,,0,9.9,37.7809697,-122.4103753,5.78,0.8929
97.65,1.3857,-0.0888,9.8653,-0.0029,-0.0236,-0.0007,15.68,19.47,39.87,False,,,0,9.9,37.7809731,-122.4103699,6.1,0.8928
97.75,-1.0123,-0.0494,9.5389,0.0106,-0.0318,-0.0008,15.68,19.47,40.1,False,,,0,9.9,37.7809765,-122.4103646,6.05,0.8927
97.85,0.6123,-0.0513,9.8024,0.0111,0.0099,-0.0008,15.68,19.47,40.5,False,,,0,9.9,37.7809799,-122.4103593,5.92,0.8926
97.95,1.0397,0.0748,9.5256,-0.0187,-0.0114,-0.0008,15.69,19.47,40.27,False,,,0,9.9,37.7809834,-122.4103538,6.19,0.8926
98.05,-0.8212,0.1744,9.3514,0.0273,-0.028,-0.0008,15.69,19.47,40.36,False,,,0,9.9,37.7809868,-122.4103484,6.15,0.8925
98.15,2.1945,-0.0607,9.6535,-0.0134,0.0136,-0.0008,15.69,19.46,39.28,False,,,0,9.9,37.7809903,-122.410343,6.06,0.8924
98.25,-1.7516,0.0223,9.4888,0.0204,-0.0078,-0.0008,15.69,19.46,40.11,False,,,0,9.9,37.780994,-122.4103372,6.56,0.8923
98.35,-0.8002,-0.0034,10.1662,0.0386,0.0057,-0.0008,15.69,19.46,40.22,False,,,0,9.9,37.7809972,-122.4103321,5.73,0.8922
98.45,2.5231,-0.0999,9.5398,-0.0103,0.0101,-0.0008,15.69,19.46,39.64,False,,,0,9.9,37.7810008,-122.4103265,6.39,0.8922
98.55,-2.7657,-0.0546,9.5655,-0.0003,0.0046,-0.0008,15.69,19.46,39.57,False,,,0,9.9,37.7810043,-122.410321,6.18,0.8921
98.65,-0.0495,0.215,10.1144,0.0307,-0.0108,-0.0008,15.7,19.46,40.58,False,,,0,9.9,37.7810076,-122.4103158,5.87,0.892
98.75,0.3834,-0.2512,9.7875,-0.0073,-0.0544,-0.0008,15.7,19.46,39.85,False,,,0,9.9,37.7810111,-122.4103103,6.21,0.8919
98.85,0.3524,0.1678,10.0968,0.0143,-0.0058,-0.0008,15.7,19.46,39.71,False,,,0,9.9,37.7810145,-122.410305,5.99,0.8919
98.95,-1.0321,0.0066,9.6883,-0.0005,-0.0313,-0.0008,15.7,19.45,40.59,False,,,0,9.9,37.7810181,-122.4102994,6.31,0.8918
99.06,-0.6424,-0.0195,10.0059,-0.0144,0.0244,-0.0008,15.7,19.45,39.7,False,,,0,9.9,37.7810213,-122.4102943,5.78,0.8917
99.16,0.9669,-0.0329,9.7661,0.0127,-0.0042,-0.0008,15.7,19.45,40.32,False,,,0,9.9,37.7810248,-122.4102888,6.18,0.8916
99.26,-0.1089,0.0494,8.9608,-0.0171,-0.0078,-0.0008,15.71,19.45,40.44,False,,,0,9.9,37.7810282,-122.4102835,5.96,0.8915
99.36,1.3668,0.0979,9.9286,0.0059,-0.0316,-0.0008,15.71,19.45,40.25,False,,,0,9.9,37.7810316,-122.4102781,6.12,0.8915
99.46,1.7989,0.0259,9.7441,-0.0133,-0.0126,-0.0008,15.71,19.45,39.42,False,,,0,9.9,37.7810351,-122.4102726,6.2,0.8914
99.56,-1.841,-0.0884,9.5654,0.0008,-0.0373,-0.0008,15.71,19.45,40.4,False,,,0,9.9,37.7810388,-122.4102669,6.47,0.8913
99.66,-0.7155,-0.0174,10.0972,-0.0246,-0.0098,-0.0008,15.71,19.45,39.87,False,,,0,9.9,37.7810421,-122.4102617,5.87,0.8912
99.76,2.0728,0.0934,9.724,0.0039,-0.0302,-0.0008,15.71,19.44,39.02,False,,,0,9.9,37.7810457,-122.4102561,6.32,0.8911
99.86,-2.5881,-0.1342,9.6209,0.011,0.0374,-0.0008,15.71,19.44,39.81,False,,,0,9.9,37.7810493,-122.4102505,6.29,0.891
99.96,-0.0343,0.2121,9.4205,0.0434,-0.0287,-0.0008,15.72,19.44,40.1,False,,,0,9.9,37.7810525,-122.4102454,5.77,0.891
100.06,3.8276,0.079,9.6709,0.0151,0.0292,-0.0008,15.72,19.44,40.17,False,,,0,9.9,37.7810561,-122.4102399,6.29,0.8909
100.16,-0.5482,0.0017,9.7305,0.0236,-0.006,-0.0008,15.72,19.44,39.99,False,,,0,9.9,37.7810598,-122.410234,6.59,0.8908
100.26,-4.0477,0.0621,9.9054,-0.0023,-0.0129,-0.0008,15.72,19.44,41.01,False,,,0,9.9,37.7810633,-122.4102286,6.18,0.8907
100.36,0.8162,0.018,9.5828,-0.0227,-0.0045,-0.0008,15.72,19.44,39.29,False,,,0,9.9,37.7810666,-122.4102234,5.78,0.8906
100.46,0.6003,-0.0652,9.1097,-0.0089,-0.004,-0.0008,15.72,19.44,40.01,False,,,0,9.9,37.7810701,-122.4102179,6.32,0.8905
100.56,0.7043,-0.0123,9.8728,0.0267,-0.0155,-0.0009,15.73,19.43,40.81,False,,,0,9.9,37.7810735,-122.4102126,5.93,0.8905
100.66,2.1708,0.1113,9.8175,-0.0074,-0.0032,-0.0009,15.73,19.43,39.45,False,,,0,9.9,37.7810771,-122.4102069,6.4,0.8904
100.76,-2.0235,-0.0408,9.7531,-0.0227,0.0153,-0.0009,15.73,19.43,39.28,False,,,0,9.9,37.7810807,-122.4102013,6.38,0.8903
100.86,-2.3427,-0.1194,9.7841,0.0129,-0.0002,-0.0009,15.73,19.43,39.77,False,,,0,9.9,37.7810841,-122.410196,5.96,0.8902
100.96,2.5457,-0.0607,10.1594,0.0104,-0.03,-0.0009,15.73,19.43,40.54,False,,,0,9.9,37.7810874,-122.4101909,5.86,0.8901
101.06,1.7819,-0.0379,9.6506,0.0076,0.0046,-0.0009,15.73,19.43,39.99,False,,,0,9.9,37.7810911,-122.4101851,6.48,0.89
101.16,-1.7977,-0.0183,9.7148,0.0069,-0.0055,-0.0009,15.74,19.43,40.39,False,,,0,9.9,37.7810946,-122.4101796,6.25,0.8899
101.26,-1.5617,0.1008,9.6119,-0.0188,0.0196,-0.0009,15.74,19.42,40.1,False,,,0,9.9,37.7810981,-122.4101742,6.16,0.8899
101.36,3.0995,0.0088,9.8143,0.0046,-0.0354,-0.0009,15.74,19.42,39.99,False,,,0,9.9,37.7811014,-122.4101689,5.89,0.8898
101.46,0.891,0.016,9.9116,0.0085,-0.0186,-0.0009,15.74,19.42,39.72,False,,,0,9.9,37.7811053,-122.4101629,6.79,0.8897
101.56,-2.9153,0.0246,9.5968,0.0185,0.0258,-0.0009,15.74,19.42,40.57,False,,,0,9.9,37.7811087,-122.4101576,6.08,0.8896
101.66,2.3382,-0.0395,9.9578,0.0119,0.015,-0.0009,15.74,19.42,39.82,False,,,0,9.9,37.7811123,-122.4101521,6.22,0.8895
101.76,1.2081,-0.0182,9.5956,0.0041,-0.006,-0.0009,15.75,19.42,40.17,False,,,0,9.9,37.781116,-122.4101463,6.53,0.8894
101.86,0.5853,0.0361,9.2215,-0.0198,-0.0128,-0.0009,15.75,19.42,40.04,False,,,0,9.9,37.7811196,-122.4101405,6.51,0.8893
101.96,-0.2239,-0.1834,10.0628,0.0023,0.0446,-0.0009,15.75,19.41,40.43,False,,,0,9.9,37.7811234,-122.4101346,6.66,0.8892
102.06,-2.1242,0.0278,9.2845,0.017,0.0043,-0.0009,15.75,19.41,39.63,False,,,0,9.9,37.7811271,-122.410129,6.44,0.8891
102.16,-1.9681,0.1352,10.2277,-0.0176,0.0037,-0.0009,15.75,19.41,40.36,False,,,0,9.9,37.7811306,-122.4101235,6.23,0.8891
102.26,-0.7653,-0.0698,10.084,0.0353,0.0231,-0.0009,15.76,19.41,39.86,False,,,0,9.9,37.7811341,-122.4101181,6.1,0.889
102.36,1.2624,0.0301,10.5622,0.0185,0.014,-0.0009,15.76,19.41,40.28,False,,,0,9.9,37.7811375,-122.4101127,6.1,0.8889
102.46,0.7517,-0.0315,9.6361,-0.0039,-0.0186,-0.0009,15.76,19.41,39.99,False,,,0,9.9,37.7811411,-122.4101071,6.36,0.8888
102.56,-1.0367,0.0261,10.0118,-0.0059,0.0232,-0.0009,15.76,19.41,40.33,False,,,0,9.9,37.7811446,-122.4101016,6.22,0.8887
102.66,0.7069,-0.0615,9.5471,-0.0129,-0.0258,-0.0009,15.76,19.4,40.28,False,,,0,9.9,37.7811481,-122.4100961,6.14,0.8886
102.76,2.0597,0.0105,9.717,0.0144,0.015,-0.0009,15.76,19.4,41.07,False,,,0,9.9,37.7811517,-122.4100905,6.34,0.8885
102.86,1.6602,0.0189,9.8504,-0.0062,0.0228,-0.0009,15.77,19.4,39.59,False,,,0,9.9,37.7811554,-122.4100848,6.55,0.8884
102.96,-2.2474,-0.0424,9.7333,0.0175,-0.0186,-0.0009,15.77,19.4,40.35,False,,,0,9.9,37.7811592,-122.4100789,6.65,0.8883
103.06,-2.4029,-0.0484,9.0033,-0.0299,0.0114,-0.0009,15.77,19.4,39.36,False,,,0,9.9,37.7811627,-122.4100735,6.12,0.8882
103.16,1.8015,0.0571,9.8095,-0.0074,-0.0083,-0.0009,15.77,19.4,39.91,False,,,0,9.9,37.7811662,-122.410068,6.2,0.8881
103.26,0.8667,0.0255,9.9765,0.0181,0.0216,-0.0009,15.77,19.4,39.85,False,,,0,9.9,37.7811699,-122.4100623,6.45,0.888
103.36,-0.8503,-0.0917,9.6498,-0.0243,-0.0201,-0.001,15.78,19.39,40.33,False,,,0,9.9,37.7811735,-122.4100567,6.38,0.8879
103.46,0.1986,-0.0851,10.1865,-0.0013,0.0149,-0.001,15.78,19.39,40.32,False,,,0,9.9,37.7811771,-122.4100511,6.29,0.8878
103.56,-2.3181,-0.0664,9.5462,-0.019,0.0204,-0.001,15.78,19.39,38.97,False,,,0,9.9,37.7811807,-122.4100455,6.4,0.8877
103.66,-0.4136,0.1771,10.4252,0.0129,-0.0019,-0.001,15.78,19.39,40.74,False,,,0,9.9,37.781184,-122.4100403,5.85,0.8876
103.76,3.2817,0.0801,9.9675,0.003,-0.0178,-0.001,15.78,19.39,39.71,False,,,0,9.9,37.7811876,-122.4100347,6.34,0.8875
103.86,-1.2331,0.1932,9.7891,0.0009,0.0432,-0.001,15.78,19.39,40.01,False,,,0,9.9,37.7811913,-122.410029,6.48,0.8875
103.96,0.0578,-0.0364,10.1946,-0.0219,0.0075,-0.001,15.79,19.39,38.89,False,,,0,9.9,37.7811948,-122.4100236,6.11,0.8874
104.06,2.3471,-0.0338,9.8956,-0.0029,0.0273,-0.001,15.79,19.38,39.28,False,,,0,9.9,37.7811984,-122.4100179,6.48,0.8873
104.16,-1.309,-0.0165,9.7805,-0.0002,-0.0165,-0.001,15.79,19.38,39.4,False,,,0,9.9,37.7812021,-122.4100122,6.51,0.8872
104.26,-2.0128,0.033,9.2021,-0.0254,-0.0207,-0.001,15.79,19.38,39.87,False,,,0,9.9,37.7812057,-122.4100066,6.29,0.8871
104.36,0.6106,-0.1202,9.965,-0.0836,-0.0446,-0.001,15.79,19.38,39.74,False,,,0,9.9,37.7812092,-122.4100012,6.1,0.887
104.46,1.9894,-0.0071,9.7107,0.0031,-0.0053,-0.001,15.8,19.38,39.23,False,,,0,9.9,37.7812128,-122.4099956,6.4,0.8869
104.56,2.6631,-0.0128,9.7324,-0.0083,0.0022,-0.001,15.8,19.38,39.79,False,,,0,9.9,37.7812165,-122.4099899,6.5,0.8868
104.66,1.3827,-0.1276,9.1188,0.0322,0.014,-0.001,15.8,19.37,39.6,False,,,0,9.9,37.7812204,-122.4099838,6.88,0.8867
104.76,-2.8573,0.0702,9.7137,-0.0155,0.0161,-0.001,15.8,19.37,40.42,False,,,0,9.9,37.7812243,-122.4099778,6.8,0.8866
104.86,-2.3732,0.127,9.9559,0.0192,-0.0062,-0.001,15.8,19.37,39.64,False,,,0,9.9,37.7812279,-122.4099722,6.33,0.8865
104.96,1.494,-0.1271,9.6693,0.0281,0.0242,-0.001,15.81,19.37,40.06,False,,,0,9.9,37.7812315,-122.4099666,6.34,0.8864
105.06,2.1132,0.0875,9.6728,0.0031,-0.024,-0.001,15.81,19.37,40.58,False,,,0,9.9,37.7812352,-122.4099608,6.62,0.8863
105.16,0.6328,-0.1222,9.2284,0.0192,-0.0049,-0.001,15.81,19.37,38.81,False,,,0,9.9,37.7812391,-122.4099549,6.73,0.8862
105.26,-0.9493,0.1131,9.3394,-0.0205,-0.0054,-0.001,15.81,19.36,40.16,False,,,0,9.9,37.7812429,-122.4099489,6.73,0.8861
105.36,-1.624,0.0199,10.2485,-0.0108,0.0037,-0.001,15.81,19.36,40.31,False,,,0,9.9,37.7812466,-122.4099432,6.49,0.886
105.46,-1.6451,-0.081,9.6628,0.0147,0.0033,-0.001,15.82,19.36,39.38,False,,,0,9.9,37.7812502,-122.4099376,6.38,0.8859
105.56,0.7221,0.0009,9.6648,-0.0055,0.0342,-0.001,15.82,19.36,38.6,False,,,0,9.9,37.7812538,-122.4099321,6.24,0.8858
105.66,1.3974,-0.0703,9.4214,-0.0084,0.0091,-0.001,15.82,19.36,39.91,False,,,0,9.9,37.7812575,-122.4099264,6.5,0.8856
105.76,-0.2766,-0.0503,9.8298,-0.0181,0.0061,-0.001,15.82,19.36,40.13,False,,,0,9.9,37.7812612,-122.4099206,6.55,0.8855
105.86,0.8577,-0.1339,9.6785,-0.0087,-0.0078,-0.001,15.82,19.35,39.4,False,,,0,9.9,37.7812649,-122.4099149,6.48,0.8854
105.96,1.021,-0.0094,9.7447,0.0249,-0.0156,-0.001,15.83,19.35,40.21,False,,,0,9.9,37.7812687,-122.4099089,6.75,0.8853
106.06,-2.1453,-0.016,9.7498,0.0196,0.0015,-0.001,15.83,19.35,40.49,False,,,0,9.9,37.7812725,-122.4099031,6.63,0.8852
106.16,0.2787,0.0532,9.4306,0.058,0.0121,-0.0011,15.83,19.35,39.84,False,,,0,9.9,37.7812761,-122.4098975,6.34,0.8851
106.26,1.1547,0.1067,10.1485,0.0375,0.0047,-0.0011,15.83,19.35,41.61,False,,,0,9.9,37.7812799,-122.4098916,6.67,0.885
106.36,0.5825,-0.1166,10.0635,0.002,0.0124,-0.0011,15.83,19.35,40.11,False,,,0,9.9,37.7812837,-122.4098858,6.6,0.8849
106.46,0.2848,0.0577,9.9711,0.0005,-0.0142,-0.0011,15.84,19.34,40.52,False,,,0,9.9,37.7812875,-122.4098799,6.77,0.8848
106.56,0.9474,-0.0091,9.7344,0.0048,-0.0036,-0.0011,15.84,19.34,39.12,False,,,0,9.9,37.7812913,-122.409874,6.66,0.8847
106.66,0.0829,-0.0628,9.6599,-0.0285,0.0028,-0.0011,15.84,19.34,39.85,False,,,0,9.9,37.7812953,-122.4098679,6.97,0.8846
106.76,-1.8679,-0.0236,9.4314,-0.0007,-0.0119,-0.0011,15.84,19.34,39.01,False,,,0,9.9,37.7812991,-122.409862,6.64,0.8845
106.86,1.954,0.0165,9.1421,0.0123,-0.0485,-0.0011,15.84,19.34,40.03,False,,,0,9.9,37.7813028,-122.4098562,6.59,0.8844
106.96,1.5631,-0.1098,9.7428,-0.0038,-0.0035,-0.0011,15.85,19.34,40.27,False,,,0,9.9,37.7813068,-122.40985,7.02,0.8843
107.06,-1.1131,0.0116,10.4109,-0.0081,-0.0234,-0.0011,15.85,19.33,39.2,False,,,0,9.9,37.7813107,-122.409844,6.83,0.8842
107.16,-0.3151,-0.008,10.1475,0.0131,0.005,-0.0011,15.85,19.33,40.37,False,,,0,9.9,37.7813146,-122.409838,6.81,0.8841
107.26,0.1071,0.0742,9.9796,-0.0232,-0.0061,-0.0011,15.85,19.33,40.35,False,,,0,9.9,37.7813185,-122.4098321,6.78,0.884
107.36,-0.5393,-0.0591,10.2537,0.0056,-0.004,-0.0011,15.85,19.33,39.79,False,,,0,9.9,37.7813224,-122.409826,6.85,0.8838
107.46,0.6865,0.1029,9.7796,-0.004,0.0217,-0.0011,15.86,19.33,39.3,False,,,0,9.9,37.7813262,-122.4098201,6.72,0.8837
107.56,0.2949,0.0253,9.4522,0.029,-0.0118,-0.0011,15.86,19.33,39.31,False,,,0,9.9,37.7813302,-122.409814,6.97,0.8836
107.66,-0.3126,0.0486,9.6613,-0.0071,0.0046,-0.0011,15.86,19.32,39.16,False,,,0,9.9,37.7813341,-122.409808,6.8,0.8835
107.76,-0.6974,-0.2604,9.5334,-0.0137,-0.0158,-0.0011,15.86,19.32,39.3,False,,,0,9.9,37.781338,-122.409802,6.9,0.8834
107.86,0.025,-0.1777,9.8291,0.0128,0.0104,-0.0011,15.87,19.32,40.57,False,,,0,9.9,37.7813418,-122.4097961,6.63,0.8833
107.96,3.1733,-0.0685,9.8585,-0.0017,-0.0093,-0.0011,15.87,19.32,40.31,False,,,0,9.9,37.7813457,-122.4097901,6.9,0.8832
108.06,-0.5268,-0.0603,10.027,-0.0229,0.0002,-0.0011,15.87,19.32,40.33,False,,,0,9.9,37.7813499,-122.4097837,7.22,0.8831
108.16,-2.0684,0.0665,10.1141,-0.0303,0.0038,-0.0011,15.87,19.32,39.32,False,,,0,9.9,37.7813537,-122.4097777,6.78,0.883
108.26,2.4962,0.0168,10.5681,0.0194,-0.0229,-0.0011,15.87,19.31,39.36,False,,,0,9.9,37.7813576,-122.4097717,6.83,0.8828
108.36,2.2107,-0.0326,9.667,0.0013,0.0027,-0.0011,15.88,19.31,40.05,False,,,0,9.9,37.7813618,-122.4097654,7.24,0.8827
108.46,-1.5985,0.0293,9.6191,0.0026,-0.0648,-0.0011,15.88,19.31,40.17,False,,,0,9.9,37.7813659,-122.409759,7.27,0.8826
108.56,-1.6588,0.0029,9.6953,-0.0089,-0.024,-0.0011,15.88,19.31,40.66,False,,,0,9.9,37.7813699,-122.4097529,6.95,0.8825
108.66,1.2578,0.1108,9.9318,0.0116,0.0087,-0.0011,15.88,19.31,39.91,False,,,0,9.9,37.7813739,-122.4097467,7.0,0.8824
108.76,0.3297,0.1211,9.7822,-0.0148,-0.0196,-0.0011,15.88,19.3,40.41,False,,,0,9.9,37.781378,-122.4097404,7.23,0.8823
108.86,0.1497,-0.0998,10.0264,-0.0404,0.0453,-0.0011,15.89,19.3,40.2,False,,,0,9.9,37.781382,-122.4097342,7.05,0.8822
108.96,-0.426,0.0882,10.3295,0.0341,-0.0503,-0.0011,15.89,19.3,40.71,False,,,0,9.9,37.7813862,-122.4097278,7.22,0.8821
109.06,-1.919,-0.1967,9.927,-0.0147,0.0276,-0.0011,15.89,19.3,40.62,False,,,0,9.9,37.7813901,-122.4097218,6.93,0.8819
109.16,1.1587,-0.0026,9.8885,-0.0104,-0.0108,-0.0012,15.89,19.3,39.73,False,,,0,9.9,37.781394,-122.4097157,6.84,0.8818
109.26,1.6707,0.0979,9.4683,0.0235,-0.0169,-0.0012,15.9,19.3,39.09,False,,,0,9.9,37.7813981,-122.4097095,7.12,0.8817
109.36,-0.2289,-0.0869,10.0712,-0.0013,-0.0167,-0.0012,15.9,19.29,41.07,False,,,0,9.9,37.7814022,-122.4097032,7.18,0.8816
109.46,1.7957,0.1246,9.8233,0.0026,-0.0137,-0.0012,15.9,19.29,39.35,False,,,0,9.9,37.7814063,-122.409697,7.06,0.8815
109.56,0.8167,-0.0916,9.9176,-0.0048,-0.0178,-0.0012,15.9,19.29,40.27,False,,,0,9.9,37.7814106,-122.4096904,7.51,0.8814
109.66,-0.7804,-0.035,10.0197,-0.0127,0.0006,-0.0012,15.9,19.29,39.92,False,,,0,9.9,37.7814147,-122.4096841,7.18,0.8812
109.76,-0.402,-0.054,9.4679,0.0059,0.014,-0.0012,15.91,19.29,40.32,False,,,0,9.9,37.7814189,-122.4096777,7.33,0.8811
109.86,-0.1273,-0.0105,9.5729,0.0305,-0.0473,-0.0012,15.91,19.28,40.75,False,,,0,9.9,37.7814229,-122.4096714,7.12,0.881
109.96,-0.5975,-0.001,10.2465,0.023,0.0043,-0.0012,15.91,19.28,40.14,False,,,0,9.9,37.7814271,-122.409665,7.33,0.8809
110.06,-0.0207,0.1522,9.9944,0.0219,0.008,-0.0012,15.91,19.28,40.14,False,,,0,9.9,37.7814311,-122.4096589,6.98,0.8808
110.16,1.7127,-0.1817,9.8034,-0.0015,-0.0098,-0.0012,15.92,19.28,40.16,False,,,0,9.9,37.7814353,-122.4096524,7.36,0.8807
110.26,-0.1559,-0.0442,9.9417,0.0138,-0.0191,-0.0012,15.92,19.28,40.14,False,,,0,9.9,37.7814396,-122.4096459,7.36,0.8805
110.36,-0.5739,0.1181,9.9425,-0.0105,0.0171,-0.0012,15.92,19.28,39.57,False,,,0,9.9,37.7814437,-122.4096395,7.3,0.8804
110.46,0.9019,-0.0742,9.3348,0.0079,-0.0346,-0.0012,15.92,19.27,39.33,False,,,0,9.9,37.7814479,-122.4096332,7.25,0.8803
110.56,0.4024,0.0022,9.8349,-0.0338,0.0267,-0.0012,15.93,19.27,40.09,False,,,0,9.9,37.7814522,-122.4096266,7.52,0.8802
110.66,-0.2329,0.0136,9.709,0.027,0.01,-0.0012,15.93,19.27,39.5,False,,,0,9.9,37.7814564,-122.4096202,7.3,0.8801
110.76,-1.3766,0.0386,9.7635,0.0199,0.0085,-0.0012,15.93,19.27,39.92,False,,,0,9.9,37.7814607,-122.4096136,7.49,0.8799
110.86,-0.4629,0.1858,9.5596,0.0111,-0.0001,-0.0012,15.93,19.27,40.1,False,,,0,9.9,37.7814647,-122.4096074,7.04,0.8798
110.96,2.9328,-0.0434,10.7095,-0.0172,-0.0109,-0.0012,15.93,19.26,39.62,False,,,0,9.9,37.781469,-122.4096009,7.42,0.8797
111.06,-0.3361,-0.0584,10.1571,-0.0258,0.0083,-0.0012,15.94,19.26,39.88,False,,,0,9.9,37.7814733,-122.4095942,7.62,0.8796
111.16,-2.0671,0.1451,10.2038,0.0174,0.0051,-0.0012,15.94,19.26,39.18,False,,,0,9.9,37.7814775,-122.4095878,7.37,0.8795
111.26,-1.3579,0.0772,9.5132,0.0012,-0.0164,-0.0012,15.94,19.26,39.8,False,,,0,9.9,37.7814817,-122.4095815,7.18,0.8793
111.36,1.0475,-0.0176,9.9351,-0.0099,0.0618,-0.0012,15.94,19.26,39.76,False,,,0,9.9,37.7814857,-122.4095753,7.11,0.8792
111.46,1.5701,-0.0536,9.8797,-0.0199,-0.0037,-0.0012,15.95,19.25,40.11,False,,,0,9.9,37.78149,-122.4095688,7.41,0.8791
111.56,1.0038,-0.0224,9.2928,0.0295,-0.0099,-0.0012,15.95,19.25,40.9,False,,,0,9.9,37.7814943,-122.4095623,7.43,0.879
111.66,-1.0404,0.0905,9.63,0.0126,0.0315,-0.0012,15.95,19.25,40.42,False,,,0,9.9,37.7814987,-122.4095555,7.67,0.8788
111.76,-0.1389,-0.0596,9.5622,-0.0073,-0.0108,-0.0012,15.95,19.25,39.58,False,,,0,9.9,37.7815028,-122.4095492,7.21,0.8787
111.86,0.911,-0.017,9.7679,0.0063,-0.0129,-0.0012,15.96,19.25,39.53,False,,,0,9.9,37.7815072,-122.4095425,7.63,0.8786
111.96,-1.2933,-0.0917,10.2901,0.0329,0.0149,-0.0012,15.96,19.24,40.09,False,,,0,9.9,37.7815114,-122.409536,7.42,0.8785
112.06,2.2319,0.0954,9.6781,-0.0041,-0.0249,-0.0012,15.96,19.24,40.6,False,,,0,9.9,37.7815157,-122.4095296,7.35,0.8784
112.16,2.5389,0.0428,9.9081,0.0489,0.0292,-0.0012,15.96,19.24,39.25,False,,,0,9.9,37.7815201,-122.4095228,7.82,0.8782
112.26,-2.2203,-0.0426,9.2548,-0.003,0.0305,-0.0012,15.97,19.24,40.64,False,,,0,9.9,37.7815246,-122.4095159,7.84,0.8781
112.36,-2.0665,0.1883,9.9982,0.0128,0.0007,-0.0013,15.97,19.24,39.98,False,,,0,9.9,37.7815289,-122.4095094,7.41,0.878
112.46,0.622,-0.1036,9.3404,-0.0166,-0.02,-0.0013,15.97,19.23,40.81,False,,,0,9.9,37.7815332,-122.4095029,7.46,0.8779
112.56,0.5703,0.0691,9.4632,-0.0155,-0.0192,-0.0013,15.97,19.23,40.25,False,,,0,9.9,37.7815375,-122.4094963,7.51,0.8777
112.66,2.3718,-0.2071,10.0098,0.0434,0.0021,-0.0013,15.97,19.23,40.39,False,,,0,9.9,37.7815419,-122.4094896,7.61,0.8776
112.76,0.4203,0.1005,9.616,0.002,-0.0194,-0.0013,15.98,19.23,39.54,False,,,0,9.9,37.7815465,-122.4094826,7.99,0.8775
112.86,-0.5729,0.0681,9.8093,0.0165,-0.0173,-0.0013,15.98,19.23,40.1,False,,,0,9.9,37.7815509,-122.4094759,7.73,0.8773
112.96,-0.1338,-0.0797,9.5952,-0.0263,0.0134,-0.0013,15.98,19.22,40.61,False,,,0,9.9,37.7815554,-122.409469,7.87,0.8772
113.06,-0.5539,-0.0665,9.4819,-0.036,0.0189,-0.0013,15.98,19.22,39.8,False,,,0,9.9,37.7815599,-122.4094623,7.69,0.8771
113.16,-0.508,0.0705,9.769,0.0111,-0.0248,-0.0013,15.99,19.22,40.13,False,,,0,9.9,37.7815643,-122.4094555,7.77,0.877
113.26,1.7502,-0.1007,9.6607,0.0135,-0.0353,-0.0013,15.99,19.22,39.74,False,,,0,9.9,37.7815687,-122.4094489,7.56,0.8768
113.36,-0.4203,0.0317,9.8859,0.0017,-0.0109,-0.0013,15.99,19.22,39.83,False,,,0,9.9,37.7815733,-122.4094418,8.1,0.8767
113.46,-3.3908,-0.0687,9.345,0.0017,0.0113,-0.0013,15.99,19.21,38.92,False,,,0,9.9,37.7815776,-122.4094352,7.47,0.8766
113.56,0.3194,0.0123,9.4543,-0.0037,0.0025,-0.0013,16.0,19.21,39.86,False,,,0,9.9,37.7815819,-122.4094287,7.43,0.8765
113.66,0.314,0.0508,9.9064,-0.0245,-0.004,-0.0013,16.0,19.21,39.96,False,,,0,9.9,37.7815863,-122.4094221,7.57,0.8763
113.76,0.9787,-0.0347,9.4428,0.0101,-0.0212,-0.0013,16.0,19.21,40.47,False,,,0,9.9,37.7815906,-122.4094156,7.5,0.8762
113.86,2.8689,0.0285,9.9076,-0.0251,0.0062,-0.0013,16.0,19.21,40.16,False,,,0,9.9,37.7815951,-122.4094088,7.77,0.8761
113.96,0.5572,0.0062,9.9614,-0.0117,0.0197,-0.0013,16.01,19.2,39.49,False,,,0,9.9,37.7815997,-122.4094017,8.07,0.8759
114.06,-0.9082,-0.0119,9.6324,-0.0462,0.0157,-0.0013,16.01,19.2,39.91,False,,,0,9.9,37.7816043,-122.4093948,7.91,0.8758
114.16,0.5353,-0.0123,10.0009,-0.027,-0.0003,-0.0013,16.01,19.2,39.58,False,,,0,9.9,37.7816088,-122.4093879,7.91,0.8757
114.26,1.501,-0.006,9.9183,-0.0009,-0.0035,-0.0013,16.01,19.2,40.58,False,,,0,9.9,37.7816134,-122.4093809,7.97,0.8755
114.36,-1.0607,-0.0574,10.031,0.0034,-0.0271,-0.0013,16.02,19.2,40.35,False,,,0,9.9,37.7816181,-122.4093738,8.18,0.8754
114.46,-0.0293,0.0813,9.783,-0.0057,0.0017,-0.0013,16.02,19.19,40.36,False,,,0,9.9,37.7816226,-122.409367,7.74,0.8753
114.56,-1.7571,0.0067,9.3619,-0.0101,0.001,-0.0013,16.02,19.19,40.05,False,,,0,9.9,37.7816273,-122.4093599,8.17,0.8751
114.66,-1.3344,-0.1688,9.5943,-0.0116,0.002,-0.0013,16.02,19.19,40.34,False,,,0,9.9,37.7816316,-122.4093534,7.44,0.875
114.76,2.687,0.2251,9.9971,-0.0167,-0.0066,-0.0013,16.03,19.19,40.29,False,,,0,9.9,37.7816361,-122.4093465,7.88,0.8749
114.86,-0.6755,0.0169,9.9164,0.0101,-0.0051,-0.0013,16.03,19.18,40.08,False,,,0,9.9,37.7816407,-122.4093396,7.96,0.8748
114.96,0.6768,0.0795,9.755,-0.0252,-0.0057,-0.0013,16.03,19.18,39.24,False,,,0,9.9,37.7816452,-122.4093328,7.75,0.8746
115.06,0.269,0.0372,9.4185,-0.0346,0.0011,-0.0013,16.03,19.18,39.96,False,,,0,9.9,37.7816498,-122.4093257,8.08,0.8745
115.16,-0.8624,-0.1006,10.2194,0.0047,-0.0126,-0.0013,16.04,19.18,40.75,False,,,0,9.9,37.7816543,-122.409319,7.77,0.8744
115.26,0.2787,0.0472,10.1547,0.0099,-0.0195,-0.0013,16.04,19.18,40.21,False,,,0,9.9,37.7816589,-122.409312,7.92,0.8742
115.36,-0.2005,-0.0211,10.0239,0.0317,-0.0212,-0.0013,16.04,19.17,39.3,False,,,0,9.9,37.7816634,-122.4093052,7.85,0.8741
115.46,2.4552,0.0741,9.9773,0.0048,0.0245,-0.0013,16.05,19.17,40.59,False,,,0,9.9,37.781668,-122.4092983,7.85,0.8739
115.56,1.02,0.1343,9.4789,0.0114,0.0354,-0.0014,16.05,19.17,40.07,False,,,0,9.9,37.7816728,-122.409291,8.37,0.8738
115.66,-0.859,-0.0429,10.013,0.0449,0.0603,-0.0014,16.05,19.17,39.99,False,,,0,9.9,37.7816774,-122.409284,8.07,0.8737
115.76,-0.2157,-0.0364,10.1188,-0.0343,0.0391,-0.0014,16.05,19.17,39.52,False,,,0,9.9,37.7816822,-122.4092769,8.18,0.8735
115.86,-1.1059,0.1058,9.7662,-0.0184,-0.0325,-0.0014,16.06,19.16,39.87,False,,,0,9.9,37.7816868,-122.4092699,8.03,0.8734
115.96,-1.1734,-0.0487,10.2035,-0.0285,-0.0226,-0.0014,16.06,19.16,39.66,False,,,0,9.9,37.7816914,-122.409263,7.92,0.8733
116.06,0.1514,0.0616,9.4684,0.0015,0.0057,-0.0014,16.06,19.16,40.01,False,,,0,9.9,37.7816959,-122.4092561,7.82,0.8731
116.16,2.4606,-0.0904,10.084,0.0223,-0.0161,-0.0014,16.06,19.16,40.06,False,,,0,9.9,37.7817005,-122.4092492,7.95,0.873
116.26,2.0383,-0.0043,9.7441,-0.0072,0.0227,-0.0014,16.07,19.15,39.7,False,,,0,9.9,37.7817053,-122.409242,8.31,0.8729
116.36,-0.336,-0.1229,10.0404,0.0281,0.0024,-0.0014,16.07,19.15,40.0,False,,,0,9.9,37.7817101,-122.4092347,8.32,0.8727
116.46,-0.9887,-0.0045,9.7879,0.0093,0.0017,-0.0014,16.07,19.15,40.25,False,,,0,9.9,37.7817148,-122.4092276,8.2,0.8726
116.56,2.1906,0.0964,9.5727,-0.0085,0.009,-0.0014,16.07,19.15,39.38,False,,,0,9.9,37.7817195,-122.4092205,8.1,0.8724
116.66,1.0357,-0.1664,9.8473,-0.0028,-0.0602,-0.0014,16.08,19.15,39.71,False,,,0,9.9,37.7817245,-122.409213,8.6,0.8723
116.76,-1.7224,0.0631,9.6722,-0.028,-0.0011,-0.0014,16.08,19.14,39.81,False,,,0,9.9,37.7817293,-122.4092058,8.28,0.8722
116.86,-0.1306,-0.0397,9.7513,-0.0053,0.0099,-0.0014,16.08,19.14,39.74,False,,,0,9.9,37.7817341,-122.4091986,8.24,0.872
116.96,0.2509,-0.2077,9.6655,0.0163,-0.0239,-0.0014,16.08,19.14,40.19,False,,,0,9.9,37.7817388,-122.4091914,8.24,0.8719
117.07,-0.6599,-0.0642,9.3149,-0.0151,-0.0137,-0.0014,16.09,19.14,39.77,False,,,0,9.9,37.7817436,-122.4091842,8.31,0.8718
117.17,1.021,0.1692,9.522,0.0151,-0.0238,-0.0014,16.09,19.13,41.23,False,,,0,9.9,37.7817483,-122.4091772,8.05,0.8716
117.27,1.7159,-0.1387,9.653,0.0096,-0.0308,-0.0014,16.09,19.13,39.35,False,,,0,9.9,37.7817532,-122.4091698,8.49,0.8715
117.37,-0.8468,-0.026,9.576,-0.0062,0.0067,-0.0014,16.1,19.13,40.16,False,,,0,9.9,37.7817581,-122.4091625,8.35,0.8713
117.47,0.0039,-0.0256,9.724,-0.0033,0.0142,-0.0014,16.1,19.13,39.9,False,,,0,9.9,37.7817629,-122.4091552,8.35,0.8712
117.57,0.9488,-0.004,9.9706,0.0072,0.037,-0.0014,16.1,19.13,40.34,False,,,0,9.9,37.7817677,-122.409148,8.32,0.8711
117.67,-1.0383,0.1324,9.9654,-0.0162,0.0012,-0.0014,16.1,19.12,40.55,False,,,0,9.9,37.7817727,-122.4091406,8.53,0.8709
117.77,-1.0128,0.0503,9.743,0.0079,-0.0063,-0.0014,16.11,19.12,40.29,False,,,0,9.9,37.7817773,-122.4091335,8.08,0.8708
117.87,2.2186,-0.0874,9.7702,0.0105,-0.0327,-0.0014,16.11,19.12,40.16,False,,,0,9.9,37.7817822,-122.4091263,8.33,0.8706
117.97,-0.6763,-0.1946,9.8351,-0.0292,-0.0031,-0.0014,16.11,19.12,39.33,False,,,0,9.9,37.7817871,-122.4091188,8.56,0.8705
118.07,0.4734,0.0326,9.51,-0.0012,0.0051,-0.0014,16.11,19.11,39.86,False,,,0,9.9,37.7817919,-122.4091117,8.22,0.8703
118.17,1.9436,-0.1239,9.9902,-0.0088,0.0298,-0.0014,16.12,19.11,39.9,False,,,0,9.9,37.7817969,-122.4091041,8.68,0.8702
118.27,-1.2479,0.0306,10.0894,0.0237,-0.0138,-0.0014,16.12,19.11,39.96,False,,,0,9.9,37.7818019,-122.4090967,8.59,0.8701
118.37,-0.5569,-0.1394,10.1186,0.0008,0.0284,-0.0014,16.12,19.11,39.66,False,,,0,9.9,37.7818068,-122.4090893,8.42,0.8699
118.47,0.6297,0.1142,9.5086,-0.0051,0.0124,-0.0014,16.12,19.1,40.28,False,,,0,9.9,37.7818117,-122.409082,8.47,0.8698
118.57,-1.6096,0.1264,10.0707,0.0281,-0.0377,-0.0014,16.13,19.1,40.5,False,,,0,9.9,37.7818167,-122.4090745,8.57,0.8696
118.67,0.3078,0.1117,9.8893,-0.031,-0.0202,-0.0014,16.13,19.1,40.68,False,,,0,9.9,37.7818214,-122.4090674,8.16,0.8695
118.77,3.3631,0.0121,9.9684,0.0084,-0.035,-0.0014,16.13,19.1,39.81,False,,,0,9.9,37.7818264,-122.4090599,8.62,0.8693
118.87,0.4073,-0.0459,9.6962,0.0081,0.0168,-0.0014,16.14,19.1,40.16,False,,,0,9.9,37.7818315,-122.4090523,8.78,0.8692
118.97,1.1493,-0.0922,10.0161,0.0181,0.0029,-0.0014,16.14,19.09,39.75,False,,,0,9.9,37.7818366,-122.4090448,8.69,0.8691
119.07,0.6581,-0.0976,9.54,0.03,-0.0266,-0.0015,16.14,19.09,40.14,False,,,0,9.9,37.7818418,-122.4090369,8.99,0.8689
119.17,0.2589,-0.0324,9.8306,-0.0157,0.0211,-0.0015,16.14,19.09,40.58,False,,,0,9.9,37.7818469,-122.4090293,8.75,0.8688
119.27,0.3892,0.0078,9.904,0.0127,-0.0087,-0.0015,16.15,19.09,39.59,False,,,0,9.9,37.7818521,-122.4090215,9.02,0.8686
119.37,-2.5947,-0.1228,9.5837,-0.0315,-0.0086,-0.0015,16.15,19.08,40.29,False,,,0,9.9,37.7818572,-122.4090138,8.86,0.8685
119.47,-0.9964,0.0684,9.789,-0.0052,0.012,-0.0015,16.15,19.08,38.13,False,,,0,9.9,37.7818622,-122.4090064,8.53,0.8683
119.57,0.768,0.0075,10.1617,-0.0135,0.028,-0.0015,16.16,19.08,39.52,False,,,0,9.9,37.7818672,-122.4089989,8.61,0.8682
119.67,-0.4846,-0.212,9.9706,0.0276,0.0425,-0.0015,16.16,19.08,40.31,False,,,0,9.9,37.7818722,-122.4089914,8.69,0.868
119.77,0.2569,0.1035,9.9754,-0.0112,-0.017,-0.0015,16.16,19.07,39.57,False,,,0,9.9,37.7818772,-122.408984,8.54,0.8679
119.87,4.6919,0.0589,9.915,-0.0315,-0.0164,-0.0015,16.16,19.07,39.02,False,,,0,9.9,37.7818823,-122.4089764,8.75,0.8677
119.97,-1.4574,-0.1844,9.0524,0.0313,-0.0123,-0.0015,16.17,19.07,40.44,False,,,0,9.9,37.7818878,-122.4089681,9.49,0.8676
120.07,-3.1582,-0.0473,9.9724,-0.0075,0.0122,-0.0015,16.17,19.07,39.44,True,37.781937,-122.4089673,11,1.21,37.7818927,-122.4089608,8.43,0.8674
120.17,2.5917,0.0037,9.4323,-0.0147,-0.0086,-0.0015,16.17,19.06,39.71,True,37.7818583,-122.4089463,10,0.81,37.7818979,-122.4089531,8.85,0.8673
120.27,-0.0217,-0.0093,9.4926,-0.0101,0.017,-0.0015,16.18,19.06,39.22,True,37.7819182,-122.4089534,11,1.21,37.7819031,-122.4089454,8.96,0.8672
120.37,1.7143,-0.1121,9.6206,0.0074,0.0064,-0.0015,16.18,19.06,40.08,True,37.7819781,-122.4089414,8,1.09,37.7819082,-122.4089377,8.86,0.867
120.47,1.0426,-0.1446,9.6478,0.0182,-0.0318,-0.0015,16.18,19.06,40.21,True,37.7818807,-122.4089316,11,1.29,37.7819136,-122.4089296,9.28,0.8669
120.57,0.2684,0.0778,9.4676,0.0142,0.0262,-0.0015,16.18,19.06,39.71,True,37.7819323,-122.408926,11,0.83,37.7819189,-122.4089218,9.05,0.8667
120.67,-0.1748,-0.188,10.046,-0.026,0.0269,-0.0015,16.19,19.05,40.4,True,37.781946,-122.4089327,9,0.87,37.7819244,-122.4089137,9.37,0.8666
120.77,-1.783,-0.0292,9.8761,-0.0163,0.007,-0.0015,16.19,19.05,39.97,True,37.7819563,-122.4089577,10,1.32,37.7819296,-122.4089058,9.04,0.8664
120.87,-0.3961,0.0819,9.3362,0.0159,0.0069,-0.0015,16.19,19.05,40.04,True,37.7819464,-122.4089037,10,1.09,37.7819349,-122.408898,9.0,0.8663
120.97,0.1234,0.008,9.9559,-0.014,0.0395,-0.0015,16.19,19.05,40.06,True,37.7819278,-122.4088915,9,1.0,37.7819401,-122.4088902,9.03,0.8661
121.07,1.1908,-0.199,9.9139,0.0127,-0.0219,-0.0015,16.2,19.04,39.99,True,37.781946,-122.4089133,8,1.28,37.7819454,-122.4088823,9.06,0.866
121.17,-1.3665,-0.1314,10.112,0.013,0.0095,-0.0015,16.2,19.04,40.23,True,37.7819739,-122.4088333,10,1.07,37.7819509,-122.4088742,9.33,0.8658
121.27,-1.835,0.0871,9.8724,-0.0453,-0.0182,-0.0015,16.2,19.04,40.41,True,37.7819712,-122.4088084,10,1.17,37.781956,-122.4088666,8.81,0.8657
121.37,2.5591,-0.2252,9.929,0.0532,-0.0068,-0.0015,16.21,19.04,39.84,True,37.781996,-122.4088561,11,1.37,37.7819612,-122.4088589,8.96,0.8655
121.47,0.3763,-0.151,9.6675,0.0202,-0.0018,-0.0015,16.21,19.03,39.92,True,37.7819376,-122.4088322,10,1.36,37.7819666,-122.4088508,9.29,0.8654
121.57,0.2992,-0.1368,9.6612,-0.0411,-0.0065,-0.0015,16.21,19.03,40.34,True,37.7819376,-122.4089151,10,1.3,37.7819719,-122.4088429,9.09,0.8652
121.67,0.7117,0.0287,10.2889,-0.0113,-0.0121,-0.0015,16.22,19.03,40.18,True,37.7819617,-122.408883,8,1.03,37.7819774,-122.4088348,9.39,0.865
121.77,-0.5536,0.1399,9.8645,-0.0531,-0.0147,-0.0015,16.22,19.03,39.37,True,37.7819965,-122.4088243,8,1.37,37.7819828,-122.4088268,9.25,0.8649
121.87,-0.2944,-0.0742,9.4316,0.0156,-0.0325,-0.0015,16.22,19.02,39.16,True,37.7819963,-122.4088658,11,1.16,37.7819882,-122.4088188,9.25,0.8647
121.97,0.7519,-0.0973,10.2871,0.0042,-0.0034,-0.0015,16.22,19.02,39.73,True,37.7819675,-122.4088204,11,1.22,37.7819936,-122.4088108,9.23,0.8646
122.07,0.6984,0.0192,10.1784,0.0037,0.0032,-0.0015,16.23,19.02,39.91,True,37.7819757,-122.4087747,10,1.23,37.7819991,-122.4088027,9.4,0.8644
122.17,1.2561,-0.18,9.2604,-0.0046,0.0333,-0.0015,16.23,19.02,39.66,True,37.7819939,-122.4087963,9,1.05,37.7820045,-122.4087946,9.35,0.8643
122.27,0.6449,-0.1219,9.4507,-0.0157,0.0084,-0.0015,16.23,19.01,40.12,True,37.781961,-122.4088676,10,0.87,37.7820102,-122.4087862,9.67,0.8641
122.37,1.079,0.0639,9.5795,0.0012,-0.0236,-0.0015,16.24,19.01,39.76,True,37.7819648,-122.4087519,11,0.88,37.7820157,-122.408778,9.5,0.864
122.47,0.3837,-0.0327,9.4021,-0.0037,0.0364,-0.0015,16.24,19.01,40.37,True,37.7820483,-122.4087683,8,1.25,37.7820215,-122.4087694,9.89,0.8638
122.57,-2.4338,-0.0492,9.4261,0.0146,-0.0177,-0.0015,16.24,19.01,39.49,True,37.7820085,-122.4088085,11,1.26,37.7820271,-122.4087611,9.57,0.8637
122.67,-1.3574,-0.176,9.9977,-0.022,0.0147,-0.0015,16.24,19.0,39.8,True,37.7820165,-122.4087519,9,1.19,37.7820326,-122.408753,9.42,0.8635
122.77,0.5339,0.1529,9.586,-0.0085,-0.0228,-0.0015,16.25,19.0,39.37,True,37.7820286,-122.408756,8,1.04,37.782038,-122.4087449,9.32,0.8634
122.87,-0.6356,-0.0244,9.6756,0.0173,-0.0095,-0.0016,16.25,19.0,39.86,True,37.7820352,-122.4087829,10,1.06,37.7820436,-122.4087367,9.52,0.8632
122.97,-0.3046,0.0779,9.566,-0.012,-0.004,-0.0016,16.25,19.0,39.33,True,37.7820602,-122.4087025,8,1.13,37.782049,-122.4087287,9.24,0.8631
123.07,-1.0308,0.0269,9.5725,-0.0173,-0.0354,-0.0016,16.26,18.99,39.95,True,37.7820172,-122.4087406,9,0.88,37.7820545,-122.4087205,9.45,0.8629
123.17,1.7984,-0.0125,10.3367,0.013,0.0012,-0.0016,16.26,18.99,40.14,True,37.7820508,-122.4087097,11,1.24,37.7820598,-122.4087128,9.01,0.8627
123.27,2.1638,0.0818,10.0437,0.0101,0.0111,-0.0016,16.26,18.99,39.89,True,37.7820613,-122.4086418,8,1.33,37.7820655,-122.4087043,9.82,0.8626
123.37,-1.2215,-0.1565,10.1158,-0.0269,0.0001,-0.0016,16.26,18.99,40.68,True,37.782106,-122.4087072,8,1.22,37.7820711,-122.4086961,9.46,0.8624
123.47,-0.2883,-0.0061,9.8889,-0.0046,0.0079,-0.0016,16.27,18.98,39.27,True,37.7820821,-122.4086711,11,1.1,37.7820767,-122.4086878,9.57,0.8623
123.57,-0.1885,0.0215,10.1311,0.0268,0.0264,-0.0016,16.27,18.98,39.72,True,37.7821021,-122.4086941,10,1.09,37.7820822,-122.4086797,9.42,0.8621
123.67,0.4125,0.0646,9.7968,0.0084,-0.0164,-0.0016,16.27,18.98,39.82,True,37.7820974,-122.4086562,9,0.94,37.7820878,-122.4086715,9.49,0.862
123.77,3.115,0.0189,10.0729,-0.0111,-0.0122,-0.0016,16.28,18.98,39.38,True,37.7821334,-122.4086851,10,1.13,37.7820933,-122.4086633,9.47,0.8618
123.87,-0.2478,0.1973,10.2405,0.0295,-0.0073,-0.0016,16.28,18.97,39.86,True,37.7821351,-122.4086986,10,0.9,37.7820992,-122.4086546,10.11,0.8616
123.97,-2.5842,0.0006,10.2966,0.0116,0.0107,-0.0016,16.28,18.97,39.37,True,37.7821063,-122.4086343,8,1.3,37.7821048,-122.4086464,9.47,0.8615
124.07,0.4399,0.0525,9.9582,0.0267,-0.0256,-0.0016,16.29,18.97,40.36,True,37.7821272,-122.4086252,9,1.32,37.7821104,-122.4086381,9.6,0.8613
124.17,2.1366,-0.0133,9.8621,0.0224,0.0111,-0.0016,16.29,18.97,39.2,True,37.7821598,-122.4085928,8,1.15,37.782116,-122.4086299,9.54,0.8612
124.27,0.5443,-0.025,9.3457,-0.0364,0.0252,-0.0016,16.29,18.96,39.83,True,37.7821043,-122.4086015,8,0.81,37.7821219,-122.4086212,10.07,0.861
124.37,-1.5916,0.0176,9.5917,-0.0025,-0.0152,-0.0016,16.29,18.96,40.3,True,37.7821126,-122.4086503,10,1.39,37.7821275,-122.4086129,9.6,0.8609
124.47,-0.3161,0.0188,9.4182,0.0123,-0.0023,-0.0016,16.3,18.96,40.2,True,37.7821425,-122.4085868,9,0.89,37.7821332,-122.4086045,9.75,0.8607
124.57,-0.2923,0.0347,9.2855,0.0223,0.0252,-0.0016,16.3,18.95,39.6,True,37.782139,-122.4086063,9,1.15,37.7821388,-122.4085962,9.55,0.8605
124.67,0.1683,-0.0129,9.8252,-0.0012,-0.0281,-0.0016,16.3,18.95,40.49,True,37.7821552,-122.4085673,8,1.26,37.7821445,-122.4085879,9.7,0.8604
124.77,1.358,-0.0754,9.419,-0.0074,0.0134,-0.0016,16.31,18.95,40.04,True,37.7820738,-122.408614,8,0.9,37.7821501,-122.4085797,9.54,0.8602
124.87,3.0706,-0.0279,9.6208,-0.001,0.0025,-0.0016,16.31,18.95,39.9,True,37.7821682,-122.4086593,10,1.13,37.7821559,-122.4085711,9.94,0.8601
124.97,-0.5535,0.0067,9.239,0.0217,-0.0025,-0.0016,16.31,18.94,40.29,True,37.7821366,-122.4085725,9,0.89,37.7821619,-122.4085623,10.14,0.8599
125.07,-1.4936,-0.0661,9.7866,0.0043,0.0141,-0.0016,16.32,18.94,39.34,True,37.7822302,-122.4085141,11,1.17,37.7821676,-122.4085539,9.8,0.8597
125.17,-0.7307,-0.0135,9.5378,-0.022,-0.0179,-0.0016,16.32,18.94,40.24,True,37.7822019,-122.4085576,10,1.0,37.7821734,-122.4085454,9.85,0.8596
125.27,-0.3815,0.0575,9.8066,-0.0163,-0.0306,-0.0016,16.32,18.94,40.8,True,37.7822172,-122.4085168,10,0.9,37.7821791,-122.408537,9.7,0.8594
125.37,-0.2998,-0.0786,9.8922,0.0049,0.0074,-0.0016,16.33,18.93,39.77,True,37.7822209,-122.4085673,9,1.37,37.7821849,-122.4085286,9.78,0.8593
125.47,1.515,-0.0047,9.2665,-0.0043,0.0538,-0.0016,16.33,18.93,40.09,True,37.7822197,-122.4085364,10,0.88,37.7821905,-122.4085203,9.61,0.8591
125.57,1.9906,-0.0244,10.1551,0.0561,-0.0131,-0.0016,16.33,18.93,40.37,True,37.7822227,-122.408517,9,1.09,37.7821964,-122.4085117,10.07,0.8589
125.67,-0.2479,0.1037,9.6892,0.0083,-0.0289,-0.0016,16.33,18.93,40.86,True,37.7821595,-122.4084643,11,1.39,37.7822023,-122.4085031,9.99,0.8588
125.77,-0.4025,0.029,9.6066,-0.0109,-0.0242,-0.0016,16.34,18.92,39.8,True,37.7822172,-122.4084892,11,1.04,37.7822082,-122.4084944,10.03,0.8586
125.87,-0.2573,0.0425,10.0784,0.0271,0.0006,-0.0016,16.34,18.92,40.52,True,37.7822292,-122.4084476,10,1.05,37.782214,-122.4084859,9.9,0.8584
125.97,1.7357,0.0424,10.0686,0.0047,-0.018,-0.0016,16.34,18.92,40.45,True,37.7822143,-122.408434,11,0.96,37.7822199,-122.4084773,9.96,0.8583
126.07,1.4526,-0.1278,9.9564,-0.0263,0.0158,-0.0016,16.35,18.92,40.46,True,37.7822124,-122.4084455,11,1.07,37.7822259,-122.4084685,10.29,0.8581
126.17,-1.3762,0.0009,10.0373,0.0022,0.0347,-0.0016,16.35,18.91,39.91,True,37.7822562,-122.4084749,10,0.86,37.782232,-122.4084596,10.28,0.858
126.27,0.0977,-0.2095,10.07,-0.0215,0.0148,-0.0016,16.35,18.91,40.08,True,37.7822263,-122.4084814,9,0.9,37.7822378,-122.408451,9.98,0.8578
126.37,-0.6387,0.0634,9.2307,-0.0105,0.0362,-0.0016,16.36,18.91,39.88,True,37.782244,-122.4084107,10,1.02,37.7822439,-122.4084422,10.24,0.8576
126.47,-0.7078,0.2349,9.7552,-0.0072,-0.0106,-0.0016,16.36,18.9,40.12,True,37.7822411,-122.4084075,9,1.38,37.7822497,-122.4084337,9.85,0.8575
126.57,1.7559,0.1283,9.7029,0.0001,0.0051,-0.0016,16.36,18.9,40.62,True,37.7822914,-122.4084201,10,1.29,37.7822556,-122.408425,10.1,0.8573
126.67,0.5656,0.1142,9.8841,-0.0053,-0.0186,-0.0016,16.37,18.9,39.83,True,37.7822391,-122.4084374,9,1.12,37.7822616,-122.4084163,10.2,0.8571
126.77,-0.3516,0.0605,9.9385,0.0277,0.0479,-0.0016,16.37,18.9,40.69,True,37.7822027,-122.4084164,8,1.18,37.7822676,-122.4084075,10.19,0.857
126.87,-0.6255,-0.1801,10.0679,-0.0027,0.0103,-0.0016,16.37,18.89,39.55,True,37.7822952,-122.408408,10,1.24,37.7822736,-122.4083988,10.14,0.8568
126.97,1.0299,0.1009,9.7105,0.0066,0.0048,-0.0016,16.37,18.89,39.19,True,37.7823388,-122.4084098,9,1.22,37.7822795,-122.4083901,10.05,0.8566
127.07,2.0081,0.0423,9.6671,0.0058,-0.0044,-0.0017,16.38,18.89,40.68,True,37.7822315,-122.4083799,10,1.28,37.7822856,-122.4083813,10.28,0.8565
127.17,1.8279,-0.2157,9.8765,-0.0183,0.0197,-0.0017,16.38,18.89,39.76,True,37.7823075,-122.4083501,11,0.85,37.7822917,-122.4083723,10.48,0.8563
127.27,0.379,0.0377,9.7859,-0.0008,0.0125,-0.0017,16.38,18.88,40.58,True,37.7823187,-122.4083204,9,1.06,37.782298,-122.4083632,10.58,0.8561
127.37,-0.9916,-0.153,9.6252,0.006,-0.013,-0.0017,16.39,18.88,39.28,True,37.7823392,-122.4083881,10,0.81,37.7823042,-122.4083541,10.54,0.856
127.47,-2.0049,0.1346,9.9586,0.0464,-0.026,-0.0017,16.39,18.88,40.21,True,37.7823327,-122.4083283,8,1.08,37.7823103,-122.4083452,10.35,0.8558
127.57,-0.1336,0.0453,9.9591,0.0061,-0.0017,-0.0017,16.39,18.87,40.04,True,37.7823277,-122.4082705,11,1.29,37.7823163,-122.4083365,10.15,0.8557
127.67,3.1008,0.1676,10.0154,-0.0173,0.003,-0.0017,16.4,18.87,40.64,True,37.7823552,-122.4083144,10,1.1,37.7823224,-122.4083277,10.33,0.8555
127.77,0.6645,-0.0265,9.5179,0.0103,0.0138,-0.0017,16.4,18.87,39.56,True,37.7823099,-122.408329,11,0.92,37.7823287,-122.4083184,10.73,0.8553
127.87,-3.3697,0.012,9.8695,0.0191,0.0183,-0.0017,16.4,18.87,41.1,True,37.7823454,-122.4082999,9,0.97,37.7823349,-122.4083094,10.47,0.8552
127.97,0.4691,-0.0742,9.6586,0.0017,-0.0081,-0.0017,16.41,18.86,40.06,True,37.7823076,-122.4083206,10,1.04,37.7823408,-122.4083008,10.05,0.855
128.07,2.6682,-0.2465,9.539,0.0063,0.0005,-0.0017,16.41,18.86,39.85,True,37.7823763,-122.4083156,10,1.27,37.782347,-122.4082917,10.59,0.8548
128.17,-2.4229,-0.1292,9.5856,-0.0105,-0.0124,-0.0017,16.41,18.86,40.8,True,37.7823719,-122.4082757,10,1.0,37.7823533,-122.4082826,10.59,0.8546
128.27,-0.403,-0.0552,9.9017,-0.0116,0.0141,-0.0017,16.42,18.86,39.67,True,37.7823198,-122.4082686,8,0.99,37.7823593,-122.408274,10.08,0.8545
128.37,2.3611,0.1178,9.6375,0.0013,-0.0071,-0.0017,16.42,18.85,39.6,True,37.7823692,-122.4082706,8,1.31,37.7823655,-122.408265,10.5,0.8543
128.47,0.6391,0.1551,10.0056,-0.019,0.0074,-0.0017,16.42,18.85,40.86,True,37.7823965,-122.4082179,8,0.84,37.7823717,-122.4082559,10.56,0.8541
128.57,0.1651,0.123,9.8504,-0.0047,0.0017,-0.0017,16.42,18.85,40.09,True,37.7824084,-122.4082405,10,1.08,37.782378,-122.4082468,10.65,0.854
128.67,0.1471,-0.1208,9.9375,0.0267,-0.0237,-0.0017,16.43,18.84,39.0,True,37.7824178,-122.4082432,10,1.0,37.7823842,-122.4082377,10.58,0.8538
128.77,2.2015,-0.0586,9.6965,0.0322,0.0171,-0.0017,16.43,18.84,39.89,True,37.7823932,-122.4082121,9,1.1,37.7823906,-122.4082285,10.74,0.8536
128.87,0.9131,0.0955,9.6393,0.0088,0.0151,-0.0017,16.43,18.84,39.52,True,37.7823704,-122.4082199,10,1.23,37.7823971,-122.4082191,10.99,0.8535
128.97,-1.4801,0.0561,9.6368,-0.0093,0.0139,-0.0017,16.44,18.84,39.57,True,37.7823185,-122.4082188,8,0.88,37.7824035,-122.4082097,10.87,0.8533
129.07,0.3402,-0.1094,9.8765,-0.0289,0.0176,-0.0017,16.44,18.83,40.53,True,37.7824191,-122.4082626,11,1.08,37.7824099,-122.4082005,10.73,0.8531
129.17,-0.5934,-0.0161,10.0235,-0.0003,0.0013,-0.0017,16.44,18.83,40.0,True,37.7824091,-122.4081998,10,1.08,37.7824164,-122.4081911,11.0,0.853
129.27,0.5713,0.0129,9.7542,-0.0197,-0.0139,-0.0017,16.45,18.83,40.1,True,37.782415,-122.4081697,9,0.99,37.7824226,-122.408182,10.6,0.8528
129.37,1.4541,-0.1317,9.4049,-0.0127,-0.0075,-0.0017,16.45,18.83,39.69,True,37.7824726,-122.4081391,10,0.9,37.7824292,-122.4081725,11.15,0.8526
129.47,-1.0221,0.0494,9.1002,-0.0088,0.0332,-0.0017,16.45,18.82,39.51,True,37.7824726,-122.4081414,10,1.18,37.7824357,-122.4081631,10.89,0.8525
129.57,-0.3675,-0.1807,9.9616,0.0174,0.0339,-0.0017,16.46,18.82,39.7,True,37.7824088,-122.4081708,10,0.84,37.7824422,-122.4081538,10.97,0.8523
129.67,-0.8829,-0.0227,9.9048,-0.0032,-0.013,-0.0017,16.46,18.82,39.71,True,37.7823923,-122.408134,8,1.02,37.7824486,-122.4081445,10.83,0.8521
129.77,-0.4842,-0.1367,9.9193,0.0175,0.0019,-0.0017,16.46,18.81,39.14,True,37.7824419,-122.4081539,11,1.0,37.782455,-122.4081352,10.78,0.8519
129.87,2.4646,-0.0974,9.5519,-0.0295,-0.0266,-0.0017,16.47,18.81,40.79,True,37.7824259,-122.4081446,8,1.16,37.7824613,-122.408126,10.74,0.8518
129.97,-1.2865,0.1121,9.777,-0.0035,-0.0079,-0.0017,16.47,18.81,38.98,True,37.7824418,-122.4080916,10,0.84,37.782468,-122.4081164,11.27,0.8516
130.07,-1.2208,0.0381,9.2109,-0.0116,0.0063,-0.0017,16.47,18.81,40.28,True,37.7824965,-122.4081125,10,0.9,37.7824742,-122.4081074,10.48,0.8514
130.17,3.9333,-0.268,9.4479,0.005,0.0039,-0.0017,16.48,18.8,40.2,True,37.7824472,-122.4080838,8,1.29,37.7824808,-122.408098,11.04,0.8513
130.27,-0.5219,-0.0352,10.0418,-0.0242,-0.0014,-0.0017,16.48,18.8,39.94,True,37.7824704,-122.4081303,11,1.27,37.7824874,-122.4080884,11.25,0.8511
130.37,-2.6222,-0.0653,10.3351,-0.0,0.0123,-0.0017,16.48,18.8,39.71,True,37.7825041,-122.4080615,9,1.13,37.7824939,-122.408079,10.89,0.8509
130.47,2.8506,-0.0722,10.0189,-0.0075,-0.0038,-0.0017,16.49,18.79,40.41,True,37.7824655,-122.4080474,10,1.11,37.7825002,-122.4080699,10.71,0.8507
130.57,2.1268,-0.0616,9.8325,-0.0106,0.049,-0.0017,16.49,18.79,40.04,True,37.7824961,-122.4080416,11,0.88,37.782507,-122.4080601,11.46,0.8506
130.67,-3.0712,0.0211,9.3497,-0.0168,0.0154,-0.0017,16.49,18.79,40.88,True,37.7825907,-122.4079713,9,1.2,37.7825137,-122.4080505,11.14,0.8504
130.77,-2.3432,-0.0224,10.1554,0.0383,-0.0164,-0.0017,16.5,18.79,40.13,True,37.7825386,-122.4080223,9,1.22,37.7825201,-122.4080413,10.81,0.8502
130.87,1.4159,0.0129,9.2687,-0.0184,-0.0037,-0.0017,16.5,18.78,39.29,True,37.7825208,-122.4080478,11,1.34,37.7825264,-122.4080322,10.68,0.85
130.97,1.3998,-0.0004,10.0038,0.0378,0.0224,-0.0017,16.5,18.78,40.63,True,37.7825197,-122.4080256,9,0.97,37.782533,-122.4080227,11.11,0.8499
131.07,0.017,-0.0481,9.685,-0.0109,0.0014,-0.0017,16.51,18.78,39.82,True,37.7825486,-122.4080255,10,1.3,37.7825395,-122.4080133,11.01,0.8497
131.17,0.9387,-0.0506,9.3351,-0.008,0.008,-0.0017,16.51,18.77,39.76,True,37.782598,-122.4080338,10,0.84,37.7825461,-122.4080038,11.12,0.8495
131.27,1.0047,0.0503,9.9094,-0.0131,-0.016,-0.0017,16.51,18.77,40.19,True,37.7825991,-122.4079986,11,0.83,37.7825528,-122.4079942,11.2,0.8494
131.37,-1.3434,-0.0603,10.0684,0.0182,-0.0082,-0.0017,16.52,18.77,40.86,True,37.7825459,-122.4079549,8,0.89,37.7825596,-122.4079845,11.39,0.8492
131.47,-1.6116,0.0712,10.3176,-0.0183,0.0131,-0.0017,16.52,18.77,39.96,True,37.7825503,-122.4079843,11,0.83,37.7825661,-122.4079751,10.96,0.849
131.57,2.5406,-0.0822,9.3657,-0.0038,-0.0096,-0.0017,16.52,18.76,39.55,True,37.7825656,-122.4080007,10,1.11,37.7825727,-122.4079656,11.06,0.8488
131.67,0.631,-0.0352,9.8021,0.0156,0.0066,-0.0017,16.52,18.76,38.95,True,37.7825724,-122.4079345,9,1.33,37.7825794,-122.4079559,11.42,0.8487
131.77,0.4981,-0.209,9.5878,-0.0139,-0.001,-0.0018,16.53,18.76,40.75,True,37.7825807,-122.4079693,8,0.95,37.7825861,-122.4079463,11.18,0.8485
131.87,0.1921,0.1173,9.4529,0.0048,-0.0127,-0.0018,16.53,18.75,39.85,True,37.7826138,-122.407928,11,0.91,37.7825929,-122.4079365,11.51,0.8483
131.97,-1.5497,-0.1087,9.7276,-0.0046,0.0202,-0.0018,16.53,18.75,38.89,True,37.7825905,-122.4079382,8,1.06,37.7825996,-122.4079269,11.22,0.8481
132.07,1.719,-0.1924,9.7652,-0.0122,0.0225,-0.0018,16.54,18.75,40.3,True,37.7825597,-122.4079666,9,1.17,37.7826063,-122.4079174,11.2,0.848
132.17,0.7329,-0.1005,9.901,-0.0191,-0.0132,-0.0018,16.54,18.75,40.14,True,37.7826071,-122.407887,10,1.22,37.7826132,-122.4079075,11.59,0.8478
132.27,-1.5599,-0.0399,9.8027,-0.0412,-0.0115,-0.0018,16.54,18.74,39.99,True,37.782661,-122.4079325,11,1.23,37.7826199,-122.4078978,11.33,0.8476
132.37,-0.6815,-0.0106,10.0919,0.0123,0.0041,-0.0018,16.55,18.74,40.18,True,37.782584,-122.4078707,10,1.09,37.7826266,-122.4078882,11.26,0.8474
132.47,0.4769,0.0747,9.6238,-0.0494,-0.017,-0.0018,16.55,18.74,40.81,True,37.7826313,-122.4078249,9,1.3,37.7826333,-122.4078787,11.2,0.8472
132.57,2.2915,-0.0712,9.7535,0.0094,0.0,-0.0018,16.55,18.73,39.93,True,37.7826213,-122.407883,10,1.23,37.78264,-122.407869,11.35,0.8471
132.67,0.1115,-0.184,10.0768,0.0002,-0.0043,-0.0018,16.56,18.73,40.79,True,37.7826288,-122.4078467,8,1.15,37.782647,-122.4078591,11.66,0.8469
132.77,-2.3419,-0.1303,9.3883,-0.0045,-0.0032,-0.0018,16.56,18.73,39.4,True,37.7826448,-122.4078549,9,0.91,37.7826538,-122.4078494,11.35,0.8467
132.87,-0.7161,-0.0614,9.9352,-0.0167,0.0011,-0.0018,16.56,18.72,39.11,True,37.7826496,-122.4078412,9,1.32,37.7826604,-122.4078398,11.2,0.8465
132.97,0.7874,0.0125,9.884,-0.0145,0.0074,-0.0018,16.57,18.72,39.37,True,37.7826554,-122.4078753,9,0.82,37.7826671,-122.4078303,11.21,0.8464
133.07,0.6119,-0.0665,9.8114,0.0126,0.0367,-0.0018,16.57,18.72,39.76,True,37.7826959,-122.4078238,10,0.93,37.7826739,-122.4078206,11.35,0.8462
133.17,2.0473,0.1339,9.7786,-0.0312,-0.0036,-0.0018,16.57,18.72,40.08,True,37.782658,-122.4078143,8,1.12,37.7826806,-122.407811,11.3,0.846
133.27,-0.2625,-0.0262,9.6594,-0.011,0.0126,-0.0018,16.58,18.71,39.72,True,37.7826608,-122.4078359,8,0.81,37.7826876,-122.407801,11.72,0.8458
133.37,-1.2117,0.013,9.8084,0.0146,-0.0163,-0.0018,16.58,18.71,39.92,True,37.7827335,-122.4077673,9,1.23,37.7826943,-122.4077914,11.24,0.8457
133.47,2.8777,-0.0424,9.7566,-0.0374,-0.0228,-0.0018,16.58,18.71,39.52,True,37.7826998,-122.4077735,10,0.95,37.7827012,-122.4077816,11.5,0.8455
133.57,1.816,0.126,9.593,-0.0156,0.0393,-0.0018,16.59,18.7,39.39,True,37.7827223,-122.4077859,8,1.14,37.7827082,-122.4077716,11.82,0.8453
133.67,-0.0006,0.0602,10.0045,0.0037,0.0121,-0.0018,16.59,18.7,39.69,True,37.7827199,-122.407765,10,1.38,37.7827153,-122.4077615,11.84,0.8451
133.77,-1.9942,0.1303,9.7924,-0.002,0.0099,-0.0018,16.59,18.7,39.67,True,37.782701,-122.4077808,11,1.13,37.7827223,-122.4077515,11.8,0.8449
133.87,-2.1576,0.0624,9.622,-0.0252,-0.0178,-0.0018,16.6,18.7,39.95,True,37.7827482,-122.4077371,8,1.11,37.7827292,-122.4077417,11.41,0.8448
133.97,2.2064,0.0634,9.8913,0.0072,-0.0097,-0.0018,16.6,18.69,40.08,True,37.7827902,-122.4077296,11,0.94,37.7827359,-122.4077321,11.37,0.8446
134.07,0.5088,-0.2041,9.8141,-0.0051,-0.0444,-0.0018,16.6,18.69,39.69,True,37.7827345,-122.4077051,9,1.03,37.782743,-122.407722,11.82,0.8444
134.17,-1.2127,0.1004,10.3248,0.0269,0.0325,-0.0018,16.61,18.69,40.28,True,37.7827466,-122.4076958,10,1.23,37.7827499,-122.4077122,11.48,0.8442
134.27,2.1558,0.1424,9.7538,-0.0026,0.021,-0.0018,16.61,18.68,41.09,True,37.7827038,-122.4076987,11,1.17,37.7827568,-122.4077024,11.55,0.844
134.37,0.8551,-0.1001,9.7546,0.006,-0.017,-0.0018,16.61,18.68,39.23,True,37.7827936,-122.4076818,8,1.0,37.7827639,-122.4076923,11.92,0.8439
134.47,0.0079,-0.013,9.7912,-0.0009,-0.0429,-0.0018,16.62,18.68,40.26,True,37.7827752,-122.4076924,11,1.32,37.7827709,-122.4076823,11.75,0.8437
134.57,0.9983,0.0834,10.342,0.0058,0.0379,-0.0018,16.62,18.67,40.06,True,37.7827872,-122.4076637,9,1.02,37.782778,-122.4076722,11.9,0.8435
134.67,-0.9087,-0.211,9.5113,0.0207,-0.0148,-0.0018,16.62,18.67,40.7,True,37.7827007,-122.4076739,8,1.31,37.7827852,-122.407662,11.94,0.8433
134.77,0.7488,-0.0233,9.7109,0.0235,0.0006,-0.0018,16.63,18.67,39.99,True,37.7827426,-122.4076548,9,1.16,37.7827922,-122.4076521,11.74,0.8431
134.87,-0.3868,0.0629,9.5981,-0.0076,0.0026,-0.0018,16.63,18.67,39.71,True,37.7827911,-122.4076197,8,1.26,37.7827994,-122.4076418,12.03,0.843
134.97,-0.6645,0.0028,9.931,0.0289,0.0197,-0.0018,16.63,18.66,40.08,True,37.7827742,-122.4076626,9,1.35,37.7828064,-122.4076319,11.67,0.8428
135.08,1.3889,-0.0243,9.9548,-0.0119,0.0177,-0.0018,16.64,18.66,39.86,True,37.7828272,-122.4076435,8,1.23,37.7828135,-122.4076218,11.93,0.8426
135.18,0.7193,0.0617,9.9636,0.0094,0.0331,-0.0018,16.64,18.66,39.48,True,37.7828431,-122.4076307,8,1.39,37.7828206,-122.4076117,11.92,0.8424
135.28,-1.9198,0.0582,9.6967,-0.0031,0.0082,-0.0018,16.64,18.65,40.14,True,37.7828411,-122.4076393,8,1.08,37.7828278,-122.4076015,12.02,0.8422
135.38,-0.9482,-0.0213,10.0011,-0.0161,-0.0001,-0.0018,16.65,18.65,39.76,True,37.7828698,-122.4076169,10,0.86,37.7828348,-122.4075917,11.54,0.8421
135.48,4.1378,0.1055,9.1809,-0.0168,0.0032,-0.0018,16.65,18.65,39.58,True,37.7828711,-122.4075795,9,1.16,37.7828418,-122.4075816,11.83,0.8419
135.58,0.9753,0.0613,10.2231,0.0156,-0.0149,-0.0018,16.65,18.64,40.13,True,37.7828561,-122.4076462,8,1.19,37.7828493,-122.4075711,12.37,0.8417
135.68,-2.8132,-0.0958,9.9452,0.0315,-0.0203,-0.0018,16.66,18.64,40.34,True,37.7828762,-122.4075316,8,1.3,37.7828564,-122.407561,11.96,0.8415
135.78,2.4627,0.1542,9.9419,-0.0228,0.0125,-0.0018,16.66,18.64,39.57,True,37.782829,-122.4075681,9,0.88,37.7828635,-122.407551,11.82,0.8413
135.88,0.1241,0.01,9.8146,0.0169,-0.0224,-0.0018,16.67,18.64,39.91,True,37.7829047,-122.4074781,8,1.04,37.782871,-122.4075404,12.45,0.8411
135.98,-4.6461,-0.0678,9.6424,-0.0229,0.0037,-0.0018,16.67,18.63,39.76,True,37.7828404,-122.4075029,9,1.09,37.7828781,-122.4075304,11.82,0.841
136.08,0.9566,0.0476,9.4485,-0.011,-0.0191,-0.0018,16.67,18.63,39.43,True,37.7828864,-122.4074907,8,1.2,37.782885,-122.4075206,11.54,0.8408
136.18,1.3032,0.1048,10.0542,0.0303,-0.0133,-0.0018,16.68,18.63,39.98,True,37.7829055,-122.4075047,11,0.82,37.7828922,-122.4075104,12.04,0.8406
136.28,1.7276,0.0774,9.6408,-0.0095,-0.0127,-0.0018,16.68,18.62,40.23,True,37.7829145,-122.407466,10,0.88,37.7828993,-122.4075004,11.8,0.8404
136.38,-0.2522,0.0684,9.4763,0.0282,-0.0004,-0.0018,16.68,18.62,39.15,True,37.7829059,-122.4075571,8,1.13,37.7829067,-122.4074899,12.35,0.8402
136.48,-1.4329,0.0447,9.744,-0.0082,0.0055,-0.0018,16.69,18.62,40.41,True,37.782891,-122.4074803,10,1.19,37.7829137,-122.40748,11.76,0.8401
136.58,1.7819,0.1002,9.2072,-0.0243,-0.0559,-0.0018,16.69,18.61,39.61,True,37.7829248,-122.4074451,10,0.92,37.782921,-122.4074698,12.02,0.8399
136.68,-0.1967,-0.0787,10.0643,-0.0025,-0.0198,-0.0018,16.69,18.61,40.11,True,37.7829279,-122.407476,9,1.22,37.7829282,-122.4074595,12.11,0.8397
136.78,0.3516,0.0346,9.5343,-0.01,0.0305,-0.0018,16.7,18.61,40.19,True,37.782943,-122.4074499,8,0.82,37.7829355,-122.4074493,12.01,0.8395
136.88,0.7723,-0.0315,10.0632,0.0192,-0.0003,-0.0018,16.7,18.6,40.27,True,37.782949,-122.40743,9,1.35,37.7829428,-122.407439,12.18,0.8393
136.98,-0.936,-0.1346,9.7335,0.0157,0.0266,-0.0018,16.7,18.6,40.77,True,37.782989,-122.4074369,10,0.93,37.7829501,-122.4074287,12.19,0.8391
137.08,-0.7345,-0.0098,9.8804,0.0317,-0.0253,-0.0018,16.71,18.6,40.25,True,37.7829553,-122.4073835,8,1.18,37.7829573,-122.4074185,12.02,0.8389
137.18,2.4565,-0.0473,10.3014,0.0121,0.006,-0.0018,16.71,18.6,40.36,True,37.7829678,-122.4073876,8,0.99,37.7829646,-122.4074083,12.06,0.8388
137.28,-0.9737,-0.0811,9.6256,0.0057,0.014,-0.0018,16.71,18.59,39.73,True,37.7829764,-122.407422,10,1.33,37.7829721,-122.4073977,12.51,0.8386
137.38,-2.5315,-0.0385,10.2309,-0.0286,0.0006,-0.0018,16.72,18.59,39.66,True,37.7829867,-122.4073763,10,1.15,37.7829792,-122.4073877,11.82,0.8384
137.48,1.4075,0.0637,9.9965,-0.0195,0.0009,-0.0018,16.72,18.59,39.86,True,37.7830114,-122.4073802,9,0.82,37.7829864,-122.4073775,12.05,0.8382
137.58,0.0783,-0.1555,10.0808,-0.0166,0.0265,-0.0019,16.72,18.58,39.45,True,37.7829863,-122.4074321,8,0.91,37.7829937,-122.4073673,12.13,0.838
137.68,0.6693,-0.1546,9.532,-0.0089,0.0155,-0.0019,16.73,18.58,39.67,True,37.7829929,-122.4073496,8,1.21,37.783001,-122.4073571,12.05,0.8378
137.78,1.641,0.0547,10.4385,0.0201,0.0196,-0.0019,16.73,18.58,39.91,True,37.7830152,-122.4073676,9,0.86,37.7830084,-122.4073467,12.24,0.8377
137.88,0.3514,0.083,9.9846,0.0028,-0.0215,-0.0019,16.73,18.57,39.86,True,37.782997,-122.4072882,8,1.25,37.7830158,-122.4073363,12.37,0.8375
137.98,-1.2161,-0.0253,9.8668,-0.0162,0.0143,-0.0019,16.74,18.57,39.83,True,37.7829801,-122.4073586,10,1.31,37.7830232,-122.4073259,12.3,0.8373
138.08,-0.3858,-0.0369,9.8853,-0.0414,-0.0119,-0.0019,16.74,18.57,40.35,True,37.7830069,-122.4073141,10,1.32,37.7830305,-122.4073157,12.07,0.8371
138.18,1.6731,0.1125,9.945,-0.011,-0.0138,-0.0019,16.74,18.56,39.91,True,37.783024,-122.4072469,10,1.32,37.7830379,-122.4073053,12.27,0.8369
138.28,0.7469,-0.1928,9.4799,0.0206,0.0033,-0.0019,16.75,18.56,39.92,True,37.7830486,-122.4072707,8,0.95,37.7830453,-122.4072948,12.39,0.8367
138.38,0.2564,-0.0337,9.8766,-0.0093,0.0108,-0.0019,16.75,18.56,39.66,True,37.7830761,-122.4072663,10,1.23,37.7830528,-122.4072844,12.39,0.8365
138.48,0.8661,0.0298,9.9987,-0.0053,0.0101,-0.0019,16.75,18.56,40.32,True,37.7830917,-122.4072885,11,1.35,37.7830603,-122.4072739,12.44,0.8364
138.58,0.5731,0.0075,9.6559,0.0338,-0.0106,-0.0019,16.76,18.55,40.71,True,37.7830776,-122.4072698,11,1.01,37.7830679,-122.4072632,12.59,0.8362
138.68,0.6027,-0.0143,10.2601,0.0203,0.0276,-0.0019,16.76,18.55,39.58,True,37.7830596,-122.4072295,9,1.24,37.7830754,-122.4072527,12.54,0.836
138.78,-0.3192,-0.1106,10.2828,0.0214,0.0014,-0.0019,16.76,18.55,40.44,True,37.7830762,-122.4072886,9,0.81,37.7830831,-122.4072419,12.72,0.8358
138.88,-1.9121,0.1051,9.4763,-0.0167,0.0227,-0.0019,16.77,18.54,40.1,True,37.7831055,-122.4071835,8,1.23,37.7830906,-122.4072314,12.47,0.8356
138.98,-0.1743,-0.1463,10.3155,-0.0198,-0.0111,-0.0019,16.77,18.54,39.52,True,37.7831038,-122.4072471,9,1.29,37.7830981,-122.407221,12.34,0.8354
139.08,1.711,-0.0623,9.747,0.0041,0.027,-0.0019,16.78,18.54,39.52,True,37.7830978,-122.4072593,11,1.21,37.7831056,-122.4072105,12.47,0.8352
139.18,-0.2143,0.166,9.9602,0.0105,-0.0065,-0.0019,16.78,18.53,40.51,True,37.783093,-122.4072161,9,0.93,37.7831133,-122.4071997,12.71,0.835
139.28,-1.2861,-0.0773,10.3584,-0.0252,-0.0198,-0.0019,16.78,18.53,40.81,True,37.7831334,-122.4071746,8,1.21,37.7831208,-122.4071892,12.45,0.8349
139.38,-0.2535,-0.1396,9.6425,-0.0154,-0.0152,-0.0019,16.79,18.53,40.67,True,37.7831196,-122.4072337,10,0.93,37.7831283,-122.4071788,12.44,0.8347
139.48,2.5543,-0.062,10.1088,0.0186,-0.0063,-0.0019,16.79,18.52,40.16,True,37.7831308,-122.407111,11,1.32,37.7831358,-122.4071683,12.44,0.8345
139.58,0.8815,-0.0925,9.6142,-0.0037,-0.03,-0.0019,16.79,18.52,40.01,True,37.7831246,-122.4071642,9,0.9,37.7831436,-122.4071574,12.91,0.8343
139.68,-0.9671,-0.1463,10.2468,-0.0297,-0.0278,-0.0019,16.8,18.52,39.52,True,37.7831372,-122.4071248,9,1.13,37.7831512,-122.4071467,12.62,0.8341
139.78,0.2542,-0.1299,9.712,0.0072,0.0251,-0.0019,16.8,18.51,39.83,True,37.7831559,-122.4071519,8,1.29,37.7831589,-122.407136,12.75,0.8339
139.88,0.1364,-0.0268,9.0894,-0.0062,-0.0245,-0.0019,16.8,18.51,39.64,True,37.7832334,-122.4071277,11,0.9,37.7831666,-122.4071253,12.65,0.8337
139.98,-1.9647,-0.0326,10.1297,-0.0161,-0.0421,-0.0019,16.81,18.51,39.65,True,37.7831682,-122.4071356,8,1.14,37.7831743,-122.4071146,12.78,0.8335
140.08,-0.6457,-0.2419,10.0888,0.0082,-0.002,-0.0019,16.81,18.5,39.29,True,37.7832044,-122.4070568,11,0.87,37.7831817,-122.4071042,12.27,0.8334
140.18,0.1822,-0.1775,9.6862,-0.0319,0.0015,-0.0019,16.81,18.5,40.21,True,37.7831468,-122.4071276,11,1.15,37.7831894,-122.4070936,12.62,0.8332
140.28,0.1699,-0.052,9.1375,-0.0324,-0.0212,-0.0019,16.82,18.5,40.39,True,37.7832016,-122.4071004,11,1.15,37.7831968,-122.4070832,12.35,0.833
140.38,2.8829,-0.1056,10.532,-0.0007,0.0421,-0.0019,16.82,18.5,38.69,True,37.7832516,-122.4071243,9,1.23,37.7832045,-122.4070726,12.66,0.8328
140.48,0.6471,-0.1605,9.6315,-0.0215,-0.0028,-0.0019,16.82,18.49,40.19,True,37.7832248,-122.4070158,11,0.86,37.7832123,-122.4070616,12.97,0.8326
140.58,0.5979,-0.1289,9.6897,0.0062,-0.0168,-0.0019,16.83,18.49,39.84,True,37.7832066,-122.4070633,8,1.37,37.7832201,-122.4070509,12.79,0.8324
140.68,-0.3775,-0.0453,9.8087,-0.0156,0.0301,-0.0019,16.83,18.49,39.42,True,37.7832748,-122.4070646,10,1.37,37.783228,-122.4070398,13.12,0.8322
140.78,-0.9628,0.0603,10.2504,0.0043,-0.0118,-0.0019,16.83,18.48,40.23,True,37.7831895,-122.4070479,9,1.36,37.7832357,-122.4070291,12.73,0.832
140.88,-0.1685,-0.0751,10.1562,-0.0355,0.0072,-0.0019,16.84,18.48,40.54,True,37.783343,-122.4070215,8,0.83,37.7832436,-122.4070183,12.9,0.8318
140.98,-0.5058,-0.0967,10.1025,0.0084,0.0382,-0.0019,16.84,18.48,40.01,True,37.7832496,-122.4069727,11,0.86,37.7832512,-122.4070076,12.68,0.8316
141.08,1.5012,-0.0169,9.762,-0.0037,0.0155,-0.0019,16.84,18.47,39.63,True,37.7832732,-122.4070152,9,1.34,37.783259,-122.4069969,12.79,0.8315
141.18,0.3304,-0.0443,9.3057,-0.0213,0.0305,-0.0019,16.85,18.47,40.98,True,37.7832661,-122.4070433,8,1.13,37.7832669,-122.4069859,13.01,0.8313
141.28,-1.1932,-0.0746,10.2131,0.0391,0.0165,-0.0019,16.85,18.47,39.72,True,37.7832793,-122.4069669,9,1.11,37.7832747,-122.4069751,12.83,0.8311
141.38,0.2442,0.0504,10.3424,0.0345,-0.0118,-0.0019,16.86,18.46,39.26,True,37.7833326,-122.4069871,8,1.07,37.7832824,-122.4069644,12.8,0.8309
141.48,0.7469,-0.102,9.5345,-0.0387,-0.0256,-0.0019,16.86,18.46,40.06,True,37.7833602,-122.4069386,9,1.39,37.7832902,-122.4069536,12.86,0.8307
141.58,-0.3883,0.019,9.9045,-0.0069,-0.0274,-0.0019,16.86,18.46,39.87,True,37.7832968,-122.4069545,10,1.02,37.7832981,-122.4069427,12.93,0.8305
141.68,0.4157,-0.0316,9.9009,0.015,0.0164,-0.0019,16.87,18.45,40.18,True,37.7833254,-122.4069792,10,0.91,37.7833058,-122.406932,12.83,0.8303
141.78,3.7767,-0.064,9.7435,-0.0025,0.0047,-0.0019,16.87,18.45,39.59,True,37.7832889,-122.4068905,11,1.13,37.7833138,-122.406921,13.05,0.8301
141.88,-1.2011,0.0599,9.939,-0.0341,-0.0162,-0.0019,16.87,18.45,39.8,True,37.7833265,-122.4069656,8,1.08,37.783322,-122.4069097,13.51,0.8299
141.98,-3.4706,-0.0357,9.9776,0.0089,-0.0382,-0.0019,16.88,18.44,40.21,True,37.7832958,-122.4068572,10,1.28,37.7833297,-122.4068989,12.75,0.8297
142.08,2.7152,0.0696,10.3121,0.0233,-0.0013,-0.0019,16.88,18.44,40.0,True,37.7833118,-122.4068975,10,1.28,37.7833375,-122.4068882,12.79,0.8296
142.18,-0.0239,0.0426,9.9461,-0.0039,-0.0224,-0.0019,16.88,18.44,40.63,True,37.7833579,-122.4068997,10,1.15,37.7833455,-122.4068771,13.31,0.8294
142.28,-2.4327,0.0404,9.8139,0.0186,0.0062,-0.0019,16.89,18.43,40.1,True,37.7833474,-122.4068793,11,0.99,37.7833533,-122.4068664,12.75,0.8292
142.38,2.3487,0.0726,9.7694,-0.0036,0.0495,-0.0019,16.89,18.43,39.74,True,37.7833785,-122.4068424,11,1.11,37.7833611,-122.4068556,12.86,0.829
142.48,-0.2457,-0.1478,10.1259,-0.0064,0.0186,-0.0019,16.89,18.43,40.66,True,37.7833406,-122.4068224,9,1.06,37.7833691,-122.4068445,13.21,0.8288
142.58,1.1045,0.0122,9.3823,0.0002,-0.0069,-0.0019,16.9,18.42,40.11,True,37.7833951,-122.4068839,10,1.35,37.7833769,-122.4068337,12.83,0.8286
142.68,0.8659,-0.029,10.1315,0.0224,-0.026,-0.0019,16.9,18.42,40.35,True,37.7834153,-122.4068375,8,1.16,37.7833851,-122.4068225,13.38,0.8284
142.78,-3.1659,-0.1121,9.5781,0.0103,0.0251,-0.0019,16.9,18.42,40.61,True,37.7833717,-122.4067616,8,0.92,37.783393,-122.4068116,13.01,0.8282
142.88,-0.4159,-0.0165,9.4347,-0.0027,0.0169,-0.0019,16.91,18.41,39.31,True,37.7833616,-122.4068124,11,1.37,37.7834007,-122.4068009,12.79,0.828
142.98,2.0484,-0.0556,10.1114,-0.0032,-0.0141,-0.0019,16.91,18.41,40.58,True,37.7834386,-122.4067895,11,1.37,37.7834086,-122.4067901,12.88,0.8278
143.08,1.2171,0.0144,9.485,-0.016,0.0273,-0.0019,16.92,18.41,39.6,True,37.7834533,-122.4067961,8,0.88,37.7834166,-122.4067791,13.14,0.8276
143.18,1.6496,0.0089,10.036,-0.0398,0.0168,-0.0019,16.92,18.41,39.66,True,37.7834112,-122.4067579,10,1.16,37.7834246,-122.4067681,13.12,0.8274
143.28,1.1671,-0.1541,9.3361,-0.0206,0.0181,-0.0019,16.92,18.4,38.95,True,37.7834037,-122.4067659,11,0.94,37.7834327,-122.4067568,13.42,0.8273
143.38,-2.0773,0.0983,9.4294,0.0096,0.0108,-0.0019,16.93,18.4,39.67,True,37.7834355,-122.4067248,10,0.94,37.7834409,-122.4067457,13.36,0.8271
143.48,-1.7488,0.0535,9.8092,-0.0207,0.0126,-0.0019,16.93,18.4,40.79,True,37.7834304,-122.4067353,8,1.16,37.7834488,-122.4067347,13.05,0.8269
143.58,0.038,0.0755,9.7486,0.0088,0.0072,-0.0019,16.93,18.39,40.44,True,37.7834577,-122.4067307,9,0.93,37.7834568,-122.4067238,13.03,0.8267
143.68,-0.8453,-0.1506,9.7075,0.0032,0.001,-0.0019,16.94,18.39,39.49,True,37.7834579,-122.4067518,10,1.11,37.7834647,-122.4067129,13.1,0.8265
143.78,2.0031,-0.0512,10.1484,-0.0142,0.0116,-0.0019,16.94,18.39,39.65,True,37.7834418,-122.4066905,9,0.81,37.7834726,-122.4067021,12.85,0.8263
143.88,1.2902,0.0184,10.4128,0.0214,-0.0036,-0.0019,16.94,18.38,40.56,True,37.7834994,-122.4066845,11,0.88,37.7834808,-122.4066908,13.49,0.8261
143.98,-2.0472,-0.1281,9.6211,-0.0171,0.0098,-0.0019,16.95,18.38,39.46,True,37.7834753,-122.4066889,8,1.06,37.7834888,-122.4066799,13.1,0.8259
144.08,-1.2268,0.0936,9.634,-0.0098,0.0082,-0.0019,16.95,18.38,39.49,True,37.7834906,-122.406664,8,1.17,37.7834968,-122.4066689,13.09,0.8257
144.18,-0.3861,-0.3683,10.0735,0.0184,0.0222,-0.0019,16.95,18.37,41.22,True,37.7835031,-122.4066553,8,1.36,37.7835046,-122.4066581,12.89,0.8255
144.28,0.9988,-0.1895,9.4278,0.0121,-0.0034,-0.0019,16.96,18.37,39.63,True,37.7834782,-122.4066367,10,1.09,37.7835125,-122.4066473,12.99,0.8253
144.38,0.7066,0.1629,10.2462,0.0146,-0.0005,-0.0019,16.96,18.37,39.65,True,37.7835757,-122.4066098,9,0.83,37.7835205,-122.4066363,13.1,0.8251
144.48,1.2894,0.0848,9.7731,-0.0022,0.0372,-0.0019,16.97,18.36,40.83,True,37.7834838,-122.4065858,9,1.0,37.7835285,-122.4066254,13.11,0.8249
144.58,-0.256,0.1376,9.711,-0.0041,0.0218,-0.0019,16.97,18.36,39.29,True,37.7835875,-122.4066103,9,1.38,37.7835367,-122.4066142,13.41,0.8247
144.68,-0.7026,-0.1334,9.6693,0.0479,-0.0461,-0.0019,16.97,18.36,40.04,True,37.7835417,-122.4066014,11,1.19,37.7835447,-122.4066033,13.03,0.8245
144.78,-0.0428,-0.097,9.9747,0.0035,-0.0077,-0.0019,16.98,18.35,39.22,True,37.7835744,-122.4066041,8,1.1,37.7835528,-122.4065922,13.28,0.8244
144.88,0.786,0.0334,9.2203,0.0255,-0.0134,-0.0019,16.98,18.35,39.89,True,37.7835191,-122.4066274,9,0.97,37.7835608,-122.4065813,13.06,0.8242
144.98,0.1958,-0.0619,9.6608,-0.0222,-0.0129,-0.0019,16.98,18.35,40.52,True,37.7835693,-122.4066211,10,1.0,37.783569,-122.40657,13.51,0.824
145.08,-1.3664,-0.0847,9.5665,-0.0273,0.0466,-0.0019,16.99,18.34,40.05,True,37.7836064,-122.4065786,11,1.12,37.783577,-122.4065591,13.04,0.8238
145.18,3.1722,0.162,9.9885,-0.0226,-0.0176,-0.0019,16.99,18.34,40.51,True,37.7835924,-122.406515,10,1.26,37.783585,-122.4065481,13.21,0.8236
145.28,-0.5208,-0.1625,9.8297,-0.0006,0.0227,-0.0019,16.99,18.34,39.95,True,37.7836273,-122.4065479,8,1.24,37.7835934,-122.4065367,13.64,0.8234
145.38,-2.8703,-0.1274,9.9482,-0.0116,-0.0063,-0.0019,17.0,18.33,39.92,True,37.7835741,-122.4065073,10,1.17,37.7836014,-122.4065258,13.1,0.8232
145.48,2.039,0.0019,9.6476,0.0313,0.041,-0.0019,17.0,18.33,40.19,True,37.7836143,-122.4065063,8,1.23,37.7836094,-122.4065149,13.11,0.823
145.58,1.5267,-0.062,9.6919,-0.0054,-0.0024,-0.0019,17.0,18.33,39.25,True,37.7835797,-122.4065078,9,1.22,37.7836177,-122.4065036,13.51,0.8228
145.68,1.1919,-0.1369,9.8364,-0.0175,0.0042,-0.0019,17.01,18.32,39.14,True,37.7836661,-122.4064568,10,0.87,37.7836259,-122.4064924,13.43,0.8226
145.78,-0.8385,-0.0229,9.4428,-0.0099,0.0267,-0.002,17.01,18.32,40.01,True,37.7836102,-122.4064872,11,1.18,37.7836343,-122.4064809,13.76,0.8224
145.88,-2.5017,-0.0523,9.6296,-0.0067,0.0212,-0.002,17.02,18.32,40.0,True,37.7836514,-122.4064564,9,1.13,37.7836424,-122.4064698,13.26,0.8222
145.98,1.6054,0.009,9.8386,-0.0053,0.0264,-0.002,17.02,18.31,40.2,True,37.7836536,-122.4064185,10,0.91,37.7836505,-122.4064588,13.24,0.822
146.08,0.7632,-0.1491,10.0011,-0.0031,0.0127,-0.002,17.02,18.31,40.13,True,37.7836464,-122.4064991,8,1.38,37.7836588,-122.4064475,13.54,0.8218
146.18,-1.231,-0.1067,9.4075,0.0062,0.0102,-0.002,17.03,18.31,40.15,True,37.7836616,-122.4064638,11,1.16,37.783667,-122.4064364,13.41,0.8216
146.28,2.2994,-0.0211,9.7753,-0.0065,-0.0264,-0.002,17.03,18.3,40.34,True,37.7836979,-122.4064175,11,1.28,37.7836752,-122.4064253,13.29,0.8214
146.38,-0.4348,-0.1824,9.8358,0.011,-0.0098,-0.002,17.03,18.3,40.38,True,37.7836969,-122.4064381,8,1.25,37.7836837,-122.4064137,13.85,0.8212
146.48,-1.1975,0.0343,9.1365,-0.0076,0.0221,-0.002,17.04,18.3,39.41,True,37.7836475,-122.4063691,8,1.34,37.7836918,-122.4064027,13.24,0.821
146.58,0.3923,-0.2632,9.8063,-0.0279,-0.025,-0.002,17.04,18.29,39.98,True,37.7836611,-122.4064112,11,1.0,37.7837001,-122.4063914,13.58,0.8208
146.68,0.6465,-0.1097,10.0,0.0389,-0.0342,-0.002,17.04,18.29,39.57,True,37.7836962,-122.4063548,11,1.05,37.7837083,-122.4063803,13.3,0.8206
146.78,0.6332,-0.0167,10.1657,-0.0335,0.0008,-0.002,17.05,18.29,40.11,True,37.783711,-122.4063253,9,1.19,37.7837166,-122.406369,13.69,0.8205
146.88,0.1898,-0.0353,9.691,-0.0016,0.0005,-0.002,17.05,18.28,40.59,True,37.7837114,-122.4063714,11,0.98,37.7837249,-122.4063577,13.5,0.8203
146.98,-0.5883,-0.1561,9.482,0.0025,0.0134,-0.002,17.05,18.28,39.63,True,37.7837807,-122.4063059,9,0.87,37.7837334,-122.4063463,13.76,0.8201
147.08,-1.3633,-0.1275,9.5547,0.0161,-0.0049,-0.002,17.06,18.28,40.2,True,37.7837605,-122.4062672,8,0.91,37.7837416,-122.4063352,13.34,0.8199
147.18,0.8803,-0.0488,10.0716,-0.0186,-0.0029,-0.002,17.06,18.27,40.23,True,37.7837464,-122.4063299,9,1.21,37.7837498,-122.406324,13.48,0.8197
147.28,0.1261,-0.0122,9.883,-0.0163,-0.0251,-0.002,17.07,18.27,40.03,True,37.7837359,-122.4062604,10,1.21,37.7837581,-122.4063127,13.49,0.8195
147.38,0.8916,0.0408,9.9935,0.0297,-0.0117,-0.002,17.07,18.27,40.12,True,37.7837771,-122.406315,10,1.04,37.7837664,-122.4063015,13.52,0.8193
147.48,0.0312,0.1946,9.5727,0.0026,0.0091,-0.002,17.07,18.26,39.6,True,37.7837546,-122.4062695,11,1.08,37.7837748,-122.4062902,13.65,0.8191
147.58,-1.4335,0.1593,10.1242,0.0217,0.0113,-0.002,17.08,18.26,39.73,True,37.7838294,-122.4062766,11,1.38,37.7837831,-122.4062789,13.49,0.8189
147.68,0.2215,-0.0933,10.2837,-0.0008,-0.0306,-0.002,17.08,18.26,40.81,True,37.7837706,-122.4062563,9,0.94,37.7837913,-122.4062678,13.36,0.8187
147.78,1.4948,-0.1593,10.0413,0.0226,-0.0264,-0.002,17.08,18.25,40.46,True,37.7838056,-122.4062607,8,1.29,37.7837996,-122.4062566,13.55,0.8185
147.88,-1.4015,-0.2767,10.1074,0.0146,0.0174,-0.002,17.09,18.25,40.08,True,37.7838279,-122.4062607,11,1.13,37.783808,-122.4062452,13.71,0.8183
147.98,-2.0847,0.1159,9.6014,0.0148,0.011,-0.002,17.09,18.25,40.03,True,37.7838258,-122.4062139,8,1.13,37.7838162,-122.4062342,13.26,0.8181
148.08,2.7129,-0.2529,9.5551,-0.0041,-0.0123,-0.002,17.09,18.24,39.69,True,37.7837828,-122.4061931,10,1.39,37.7838244,-122.4062231,13.31,0.8179
148.18,0.543,-0.0805,10.0311,-0.0218,-0.0057,-0.002,17.1,18.24,39.18,True,37.7838467,-122.4062268,10,0.84,37.7838329,-122.4062117,13.79,0.8177
148.28,-2.0999,-0.075,10.009,0.0346,0.0092,-0.002,17.1,18.24,40.12,True,37.7838238,-122.4061478,11,1.16,37.7838411,-122.4062005,13.45,0.8175
148.38,0.7555,-0.0573,9.5099,-0.0104,-0.0115,-0.002,17.1,18.23,39.53,True,37.7838536,-122.4061338,11,1.29,37.7838494,-122.4061894,13.4,0.8173
148.48,1.0796,-0.0672,9.6929,0.0007,-0.017,-0.002,17.11,18.23,40.11,True,37.7838217,-122.4061704,9,1.0,37.7838578,-122.4061781,13.6,0.8171
148.58,0.5722,-0.0648,10.2902,0.0143,0.0164,-0.002,17.11,18.23,40.91,True,37.7838496,-122.4061663,10,1.24,37.7838661,-122.4061668,13.63,0.8169
148.68,1.4437,-0.0213,10.2215,0.035,-0.0132,-0.002,17.12,18.22,40.11,True,37.7839101,-122.4061825,9,1.3,37.7838746,-122.4061554,13.72,0.8167
148.78,-1.0696,-0.018,9.586,0.0006,-0.0205,-0.002,17.12,18.22,40.05,True,37.7838648,-122.4061586,11,1.18,37.7838832,-122.4061439,13.94,0.8165
148.88,-1.8541,-0.0617,9.5763,-0.0026,0.0191,-0.002,17.12,18.22,39.77,True,37.7839253,-122.4061646,10,1.39,37.7838915,-122.4061326,13.52,0.8163
148.98,1.5197,-0.016,9.5724,0.0169,-0.0025,-0.002,17.13,18.21,40.64,True,37.7838488,-122.4060913,10,0.95,37.7838999,-122.4061214,13.6,0.8161
149.08,-0.666,-0.1865,9.7389,0.0272,-0.0272,-0.002,17.13,18.21,39.44,True,37.7839496,-122.4061264,10,0.87,37.7839084,-122.4061099,13.89,0.8159
149.18,-1.0401,0.1725,9.6583,-0.0155,0.0024,-0.002,17.13,18.21,40.14,True,37.7838833,-122.4060843,10,1.09,37.7839167,-122.4060987,13.47,0.8157
149.28,3.5321,-0.095,9.5539,0.0038,0.0092,-0.002,17.14,18.2,40.19,True,37.7839317,-122.4060396,10,1.0,37.7839252,-122.4060874,13.65,0.8155
149.38,1.0941,0.0837,9.9332,0.01,-0.0328,-0.002,17.14,18.2,38.91,True,37.7839219,-122.406056,10,0.97,37.7839339,-122.4060756,14.19,0.8153
149.48,-2.1649,-0.0079,10.1036,0.0177,-0.0032,-0.002,17.14,18.2,39.32,True,37.7839364,-122.4060513,10,1.18,37.7839425,-122.4060642,13.86,0.8151
149.58,-0.8621,-0.0811,10.1541,0.0012,-0.0041,-0.002,17.15,18.19,39.87,True,37.7839463,-122.4060638,9,0.94,37.7839509,-122.4060528,13.74,0.8149
149.68,-2.4325,-0.1581,10.2635,-0.0002,0.0042,-0.002,17.15,18.19,40.25,True,37.7839943,-122.4059901,8,1.37,37.7839594,-122.4060414,13.69,0.8147
149.78,-0.6814,0.0467,9.6546,0.0102,0.0508,-0.002,17.16,18.19,40.58,True,37.7839928,-122.406055,11,0.89,37.7839675,-122.4060305,13.2,0.8145
149.88,2.4186,0.073,9.672,0.0104,0.0081,-0.002,17.16,18.18,39.85,True,37.7839247,-122.4060132,10,0.98,37.7839759,-122.4060193,13.56,0.8143
149.98,0.0945,0.1385,9.9009,0.0105,-0.0078,-0.002,17.16,18.18,39.75,True,37.7839511,-122.4060238,11,0.94,37.7839844,-122.406008,13.7,0.8141
150.08,0.6839,0.0651,9.9856,0.0023,0.0188,-0.002,17.17,18.18,40.16,True,37.7839727,-122.4059777,10,0.93,37.7839927,-122.4059967,13.57,0.8139
150.18,1.9882,0.0105,10.0281,-0.0053,-0.0356,-0.002,17.17,18.17,40.47,True,37.7840164,-122.4059941,8,0.98,37.7840013,-122.4059853,13.79,0.8137
150.28,-0.0877,0.0224,10.3035,-0.029,0.0109,-0.002,17.17,18.17,40.44,True,37.7839385,-122.4059547,10,1.21,37.7840099,-122.4059738,13.93,0.8136
150.38,-0.8602,0.1014,9.6213,0.0167,0.0331,-0.002,17.18,18.16,39.83,True,37.7839723,-122.4059493,11,1.13,37.7840184,-122.4059624,13.75,0.8134
150.48,-0.5316,0.012,9.8564,-0.0072,0.027,-0.002,17.18,18.16,39.42,True,37.784004,-122.4059423,8,1.28,37.7840269,-122.4059511,13.78,0.8132
150.58,0.4124,-0.0384,10.2492,-0.021,-0.0192,-0.002,17.18,18.16,39.97,True,37.7839834,-122.4059209,11,1.18,37.7840353,-122.4059398,13.66,0.813
150.68,1.5317,0.0414,9.5749,0.0189,0.0104,-0.002,17.19,18.15,40.33,True,37.7840386,-122.405862,11,1.29,37.7840439,-122.4059283,13.91,0.8128
150.78,-0.7533,-0.0465,9.7027,0.0083,0.015,-0.002,17.19,18.15,40.45,True,37.7840669,-122.4058577,11,0.88,37.7840525,-122.4059168,13.93,0.8126
150.88,-1.0834,0.0167,9.8802,0.0132,-0.0219,-0.002,17.19,18.15,40.42,True,37.784069,-122.4059399,10,0.96,37.784061,-122.4059054,13.75,0.8124
150.98,-0.3146,-0.0525,9.7902,-0.0219,0.0059,-0.002,17.2,18.14,40.38,True,37.7840186,-122.4058577,9,1.15,37.7840695,-122.4058941,13.71,0.8122
151.08,0.2653,0.0567,9.7088,-0.0126,0.0082,-0.002,17.2,18.14,39.81,True,37.7841058,-122.4058862,10,1.33,37.784078,-122.4058828,13.66,0.812
151.18,1.7195,0.0099,10.1215,-0.0221,-0.0195,-0.002,17.21,18.14,40.51,True,37.7840989,-122.405825,10,0.96,37.7840865,-122.4058714,13.78,0.8118
151.28,0.4494,-0.0721,9.7129,-0.0059,0.0065,-0.002,17.21,18.13,38.95,True,37.7841257,-122.4058693,9,1.39,37.7840952,-122.4058599,14.02,0.8116
151.38,-0.2006,0.0364,9.5558,-0.0271,-0.0062,-0.002,17.21,18.13,39.72,True,37.7840558,-122.4058942,8,0.9,37.7841037,-122.4058485,13.83,0.8114
151.48,1.0617,-0.0394,9.5605,0.0131,0.0094,-0.002,17.22,18.13,39.31,True,37.7841565,-122.4058681,10,1.24,37.7841124,-122.4058369,13.98,0.8112
151.58,-0.6496,-0.0503,10.3732,0.0015,0.0073,-0.002,17.22,18.12,40.35,True,37.7840695,-122.4058301,11,1.14,37.7841211,-122.4058254,13.99,0.811
151.68,-0.3783,0.1544,9.7091,-0.0154,-0.012,-0.002,17.22,18.12,40.17,True,37.7841127,-122.4057986,8,1.39,37.7841296,-122.4058139,13.86,0.8108
151.78,0.0628,0.0053,10.1558,-0.0249,-0.0133,-0.002,17.23,18.12,39.71,True,37.7841735,-122.4058422,9,1.03,37.7841383,-122.4058025,13.94,0.8106
151.88,0.6994,-0.0633,10.0365,0.0009,-0.0011,-0.002,17.23,18.11,40.01,True,37.7841822,-122.4057916,11,1.15,37.7841469,-122.405791,13.87,0.8104
151.98,-2.0795,0.1298,9.4316,-0.0015,-0.0079,-0.002,17.23,18.11,40.48,True,37.7841686,-122.405753,10,1.17,37.7841556,-122.4057794,14.1,0.8102
152.08,-0.7462,0.0484,9.7084,0.0008,-0.0138,-0.002,17.24,18.11,40.95,True,37.7841388,-122.4057372,8,1.22,37.784164,-122.4057683,13.49,0.81
152.18,3.8812,0.0188,9.3645,-0.0142,0.0068,-0.002,17.24,18.1,40.31,True,37.7842264,-122.4057799,8,0.99,37.7841726,-122.4057568,13.92,0.8098
152.28,-0.9921,-0.2037,9.9156,0.0088,-0.0016,-0.002,17.25,18.1,39.15,True,37.7841957,-122.4056968,10,1.24,37.7841814,-122.4057451,14.23,0.8096
152.38,-1.3304,0.0818,9.5175,-0.0126,-0.0107,-0.002,17.25,18.1,40.29,True,37.7841658,-122.4057335,8,0.86,37.78419,-122.4057338,13.73,0.8094
152.48,2.0477,0.0131,9.7572,-0.0254,-0.0081,-0.002,17.25,18.09,39.85,True,37.7841631,-122.4057125,10,0.88,37.7841986,-122.4057223,13.95,0.8092
152.58,-0.0799,0.0842,9.5354,-0.0131,0.0222,-0.002,17.26,18.09,38.93,True,37.7842403,-122.4057214,10,1.19,37.7842074,-122.4057107,14.12,0.809
152.68,-0.9746,-0.0388,10.0149,-0.0093,0.0024,-0.002,17.26,18.09,38.81,True,37.784181,-122.4057276,10,1.28,37.784216,-122.4056992,13.93,0.8088
152.78,0.2951,-0.1989,9.8906,0.0511,0.0206,-0.002,17.26,18.08,40.6,True,37.7841676,-122.4056011,8,1.02,37.7842246,-122.4056878,13.87,0.8086
152.88,-0.7727,-0.0578,9.8503,0.0044,0.0151,-0.002,17.27,18.08,39.36,True,37.7842234,-122.4056581,9,1.18,37.7842333,-122.4056763,13.96,0.8084
152.98,-0.2975,-0.1058,9.9059,0.0189,0.0506,-0.002,17.27,18.08,40.29,True,37.7841753,-122.4056177,10,1.06,37.7842419,-122.405665,13.74,0.8082
153.09,-0.2635,-0.112,10.409,-0.0356,-0.0071,-0.002,17.27,18.07,40.3,True,37.7842327,-122.4056842,8,1.24,37.7842505,-122.4056535,13.92,0.808
153.19,-0.0713,-0.0855,10.3339,-0.0024,-0.0262,-0.002,17.28,18.07,39.78,True,37.7842877,-122.4055838,11,1.19,37.784259,-122.4056422,13.72,0.8078
153.29,2.6094,-0.1393,10.3946,0.0001,0.0004,-0.002,17.28,18.07,39.94,True,37.7842802,-122.4056582,11,0.98,37.7842677,-122.4056308,13.92,0.8076
153.39,-0.0114,-0.0031,9.9594,-0.028,-0.03,-0.002,17.28,18.06,40.67,True,37.7842081,-122.4056105,11,1.21,37.7842765,-122.4056191,14.25,0.8074
153.49,-1.3,-0.1868,10.0053,-0.0161,0.0061,-0.002,17.29,18.06,39.58,True,37.7843112,-122.405618,9,1.22,37.7842852,-122.4056076,13.96,0.8072
153.59,-0.6691,-0.0994,9.7769,0.0243,-0.0085,-0.002,17.29,18.06,40.19,True,37.7842881,-122.4055398,9,0.86,37.7842939,-122.4055962,13.94,0.807
153.69,-2.2757,0.0096,10.3924,-0.0109,0.039,-0.002,17.3,18.05,39.64,True,37.7843338,-122.4056017,9,1.0,37.7843025,-122.4055848,13.85,0.8068
153.79,0.2371,-0.0077,9.923,0.005,-0.0329,-0.002,17.3,18.05,39.53,True,37.7843518,-122.4055369,11,1.32,37.7843109,-122.4055737,13.47,0.8066
153.89,1.9408,-0.1454,9.5733,-0.015,0.0096,-0.002,17.3,18.04,40.07,True,37.7843964,-122.4055454,10,1.3,37.7843195,-122.4055623,13.88,0.8064
153.99,1.0369,-0.1115,9.2384,-0.0048,-0.0264,-0.002,17.31,18.04,39.63,True,37.7843165,-122.4054962,8,1.01,37.7843282,-122.4055509,13.87,0.8062
154.09,0.5267,0.1127,10.3163,0.0143,0.0097,-0.002,17.31,18.04,39.82,True,37.7843281,-122.4054704,8,1.12,37.7843369,-122.4055394,14.05,0.806
154.19,1.112,0.0487,10.2321,-0.0123,0.018,-0.002,17.31,18.03,40.53,True,37.7843232,-122.405525,10,1.26,37.7843456,-122.4055279,13.95,0.8058
154.29,-0.6675,-0.1699,10.206,0.0215,-0.0145,-0.002,17.32,18.03,39.96,True,37.7843477,-122.405472,11,1.21,37.7843545,-122.4055162,14.27,0.8056
154.39,-0.091,-0.0478,9.5819,-0.0193,0.0096,-0.002,17.32,18.03,39.95,True,37.7843707,-122.4054565,8,1.38,37.7843631,-122.4055049,13.86,0.8054
154.49,1.9594,0.116,10.0766,0.0072,0.0076,-0.002,17.32,18.02,40.88,True,37.7843079,-122.4055089,9,1.05,37.784372,-122.4054932,14.25,0.8052
154.59,-0.8544,-0.0899,9.7387,0.0114,0.0137,-0.002,17.33,18.02,39.75,True,37.7843488,-122.4055215,10,1.15,37.7843809,-122.4054815,14.2,0.805
154.69,-1.281,0.0524,9.518,-0.0112,0.0241,-0.002,17.33,18.02,39.57,True,37.7843922,-122.4054401,11,1.39,37.7843896,-122.40547,14.04,0.8048
154.79,-0.0244,-0.1332,9.9175,-0.0295,-0.0189,-0.002,17.34,18.01,39.72,True,37.7843836,-122.4054984,11,0.86,37.7843983,-122.4054586,13.93,0.8046
154.89,2.0298,-0.0074,9.824,0.0281,-0.0238,-0.002,17.34,18.01,39.81,True,37.7844172,-122.4054276,9,0.92,37.7844071,-122.4054471,14.05,0.8044
154.99,-1.6791,0.018,9.3678,0.0012,-0.0121,-0.002,17.34,18.01,39.77,True,37.7844679,-122.4054162,9,1.28,37.784416,-122.4054353,14.33,0.8042
155.09,-2.2789,-0.0057,10.1368,-0.0087,-0.005,-0.002,17.35,18.0,40.53,True,37.7844566,-122.4053638,8,1.12,37.7844246,-122.4054241,13.69,0.804
155.19,0.9927,0.0281,10.361,0.0165,0.0201,-0.002,17.35,18.0,40.12,True,37.784454,-122.4054007,9,1.27,37.7844332,-122.4054127,13.89,0.8038
155.29,0.8863,-0.118,10.1009,0.0117,-0.0022,-0.002,17.35,18.0,39.39,True,37.784435,-122.4054698,11,1.2,37.7844419,-122.4054013,13.92,0.8036
155.39,-0.3483,0.1028,10.0458,-0.0123,-0.0257,-0.002,17.36,17.99,39.58,True,37.7844378,-122.4053604,9,1.26,37.7844507,-122.4053898,14.03,0.8034
155.49,-1.561,0.0886,9.5378,0.0025,-0.0503,-0.002,17.36,17.99,40.02,True,37.7844571,-122.4053445,8,0.91,37.7844593,-122.4053785,13.86,0.8032
155.59,0.7052,-0.1634,9.9306,-0.0026,0.0142,-0.002,17.36,17.99,40.67,True,37.7844716,-122.4053773,8,1.19,37.7844679,-122.4053673,13.69,0.803
155.69,0.1108,-0.0614,9.8088,0.0259,-0.0167,-0.002,17.37,17.98,39.26,True,37.7844791,-122.4053608,8,1.38,37.7844766,-122.4053558,14.0,0.8028
155.79,-0.1468,-0.0394,10.4006,0.0086,0.0002,-0.002,17.37,17.98,39.31,True,37.7844932,-122.4053692,9,0.98,37.7844852,-122.4053445,13.79,0.8026
155.89,0.8635,-0.1423,10.204,0.0025,0.0317,-0.002,17.37,17.98,40.37,True,37.7845036,-122.4053939,11,0.96,37.784494,-122.4053331,13.99,0.8024
155.99,0.4682,-0.0789,9.2198,-0.0043,-0.0219,-0.002,17.38,17.97,38.81,True,37.7845148,-122.4053205,11,1.33,37.7845027,-122.4053216,13.99,0.8022
156.09,0.0042,-0.019,9.9856,-0.0076,-0.0531,-0.002,17.38,17.97,40.41,True,37.7845303,-122.4052756,9,0.83,37.7845116,-122.4053101,14.13,0.802
156.19,-1.3348,-0.0707,9.6647,-0.0202,0.0322,-0.002,17.39,17.96,39.3,True,37.7845283,-122.4053308,9,1.05,37.7845203,-122.4052986,14.02,0.8018
156.29,0.79,-0.046,10.1373,0.0372,0.0191,-0.002,17.39,17.96,39.43,True,37.7845414,-122.4052441,11,1.37,37.784529,-122.4052873,13.86,0.8016
156.39,1.3725,-0.1013,9.6584,0.0022,0.0104,-0.002,17.39,17.96,40.46,True,37.7845937,-122.4052807,10,1.17,37.7845379,-122.4052757,14.18,0.8014
156.49,-2.8034,-0.0795,9.9787,0.028,-0.0068,-0.002,17.4,17.95,40.45,True,37.7845287,-122.4052783,8,1.13,37.7845467,-122.4052641,14.13,0.8012
156.59,-0.351,-0.1007,9.9346,-0.0121,0.0057,-0.002,17.4,17.95,39.99,True,37.784574,-122.4052565,9,1.15,37.7845553,-122.405253,13.65,0.801
156.69,1.3294,0.1069,9.4419,-0.0085,0.0086,-0.002,17.4,17.95,40.06,True,37.7845276,-122.4052148,10,1.03,37.7845641,-122.4052415,14.11,0.8008
156.79,0.2733,0.0782,10.0324,-0.0047,0.0166,-0.002,17.41,17.94,40.19,True,37.7845761,-122.4052889,8,1.07,37.7845728,-122.4052301,13.94,0.8006
156.89,1.8435,-0.0171,10.3276,0.007,-0.0209,-0.002,17.41,17.94,39.9,True,37.7846225,-122.4052694,8,0.9,37.7845817,-122.4052185,14.15,0.8004
156.99,-2.0228,-0.1839,9.4349,0.0119,-0.0355,-0.002,17.41,17.94,39.6,True,37.7845796,-122.4051941,9,1.18,37.7845906,-122.4052069,14.29,0.8002
157.09,-0.3645,0.152,9.7732,0.0152,-0.0076,-0.002,17.42,17.93,39.51,True,37.784558,-122.4051819,11,0.84,37.7845993,-122.4051956,13.8,0.8
157.19,1.7608,0.1614,9.4891,-0.0054,0.005,-0.002,17.42,17.93,40.37,True,37.7845911,-122.4051213,8,0.98,37.7846082,-122.4051839,14.29,0.7998
157.29,-0.6789,0.0826,9.5725,-0.0065,0.0179,-0.002,17.43,17.93,39.44,True,37.7845787,-122.4052041,11,0.89,37.7846171,-122.4051724,14.13,0.7996
157.39,-2.0596,-0.0262,9.9606,-0.0068,-0.0122,-0.002,17.43,17.92,40.65,True,37.7845855,-122.405125,11,1.38,37.784626,-122.4051609,14.11,0.7994
157.49,-0.0507,-0.0989,9.8958,0.0372,-0.0332,-0.002,17.43,17.92,40.11,True,37.7846596,-122.4051393,11,1.25,37.7846346,-122.4051497,13.72,0.7992
157.59,2.915,-0.1029,9.4316,-0.0075,0.0421,-0.002,17.44,17.92,39.47,True,37.784642,-122.4051451,8,0.85,37.7846434,-122.4051382,14.06,0.799
157.69,-1.8519,0.0254,9.2975,-0.0219,-0.0217,-0.002,17.44,17.91,40.68,True,37.7845769,-122.4051637,9,0.92,37.7846524,-122.4051265,14.34,0.7988
157.79,-2.9803,-0.0404,9.4229,-0.0268,0.0098,-0.002,17.44,17.91,40.43,True,37.7846206,-122.4051159,10,0.94,37.784661,-122.4051154,13.69,0.7986
157.89,1.927,0.1412,10.3008,0.0266,-0.0004,-0.002,17.45,17.91,40.0,True,37.7846944,-122.4051158,10,0.89,37.7846696,-122.4051041,13.84,0.7984
157.99,0.7392,0.0883,9.8177,0.0004,0.023,-0.002,17.45,17.9,40.0,True,37.7847008,-122.4051203,11,1.33,37.7846785,-122.4050926,14.07,0.7982
158.09,1.9776,-0.0996,10.2998,-0.0277,-0.0039,-0.002,17.45,17.9,39.53,True,37.7846934,-122.4050639,10,1.38,37.7846873,-122.4050812,13.98,0.798
158.19,-0.0977,-0.1076,9.8016,0.0095,0.0091,-0.002,17.46,17.9,39.48,True,37.7846514,-122.405105,10,0.84,37.7846964,-122.4050694,14.51,0.7978
158.29,-2.2382,-0.0591,9.5368,0.0055,0.0172,-0.002,17.46,17.89,40.03,True,37.7847657,-122.4050909,11,0.98,37.7847051,-122.405058,13.96,0.7976
158.39,1.6688,-0.0442,9.3534,-0.0295,0.0376,-0.002,17.46,17.89,39.13,True,37.7847165,-122.405038,10,1.12,37.784714,-122.4050466,14.07,0.7974
158.49,0.3148,-0.0013,9.6599,0.0257,0.0016,-0.002,17.47,17.88,40.49,True,37.7847839,-122.4050801,10,0.81,37.784723,-122.4050349,14.32,0.7972
158.59,-1.1446,0.0587,9.352,-0.0146,0.0385,-0.002,17.47,17.88,39.77,True,37.7847332,-122.404999,11,1.17,37.7847319,-122.4050234,14.12,0.797
158.69,0.4296,0.0725,9.6657,-0.0036,-0.0602,-0.002,17.48,17.88,39.66,True,37.7847195,-122.4049436,10,0.85,37.7847407,-122.405012,14.11,0.7968
158.79,0.6038,0.021,9.4909,-0.0208,-0.0161,-0.002,17.48,17.87,39.32,True,37.7847089,-122.4049617,8,1.1,37.7847496,-122.4050004,14.15,0.7966
158.89,-0.7805,0.1323,9.3925,0.0063,-0.0059,-0.002,17.48,17.87,40.01,True,37.7847581,-122.404983,10,1.28,37.7847586,-122.4049888,14.25,0.7964
158.99,0.4528,-0.1564,9.692,0.0012,-0.0305,-0.002,17.49,17.87,39.32,True,37.7847026,-122.4049643,10,0.85,37.7847674,-122.4049775,13.94,0.7962
159.09,0.8443,0.0911,9.7895,-0.0051,0.0016,-0.002,17.49,17.86,39.98,True,37.7847756,-122.4050047,10,1.32,37.7847763,-122.4049659,14.28,0.796
159.19,-0.5093,0.1466,9.46,-0.0308,-0.0093,-0.002,17.49,17.86,39.48,True,37.7847697,-122.4049528,9,1.27,37.7847852,-122.4049544,14.13,0.7958
159.29,0.258,0.028,9.9798,0.0102,-0.0084,-0.002,17.5,17.86,39.48,True,37.7847546,-122.4049431,9,1.07,37.7847941,-122.4049429,14.15,0.7956
159.39,-1.6208,0.0449,10.2298,0.0123,0.0193,-0.002,17.5,17.85,40.26,True,37.7847468,-122.4049763,10,1.24,37.7848031,-122.4049313,14.24,0.7954
159.49,-2.6473,-0.154,10.0241,0.0124,0.0283,-0.002,17.5,17.85,39.12,True,37.7848455,-122.4049342,10,1.12,37.7848118,-122.4049201,13.83,0.7952
159.59,0.9271,0.1147,10.1003,0.0093,-0.0333,-0.002,17.51,17.85,39.02,True,37.7848162,-122.4048954,11,1.32,37.7848205,-122.404909,13.72,0.795
159.69,2.9201,-0.0408,9.8468,0.0193,0.0075,-0.002,17.51,17.84,40.45,True,37.7847725,-122.4048955,11,1.06,37.7848293,-122.4048976,13.96,0.7948
159.79,0.129,0.1168,9.8467,0.0296,-0.0202,-0.002,17.51,17.84,40.24,True,37.784889,-122.404913,10,1.39,37.7848383,-122.404886,14.29,0.7946
159.89,-1.7147,-0.1427,9.8067,0.0103,0.0046,-0.002,17.52,17.84,39.97,True,37.784813,-122.4049035,10,1.08,37.7848471,-122.4048747,13.96,0.7944
159.99,0.024,0.0421,9.2241,-0.0124,-0.0209,-0.002,17.52,17.83,39.77,True,37.7848201,-122.4048617,10,1.04,37.7848558,-122.4048634,13.9,0.7942
160.09,0.0444,-0.1151,9.6986,-0.0018,0.0083,-0.002,17.53,17.83,40.69,True,37.7848979,-122.4048747,8,1.19,37.7848646,-122.4048521,13.95,0.794
160.19,2.2782,-0.0602,9.78,-0.0194,-0.0238,-0.002,17.53,17.83,39.36,True,37.7848661,-122.4048549,10,1.06,37.7848734,-122.4048408,13.88,0.7938
160.29,0.6664,-0.0803,9.8537,0.0015,0.0256,-0.002,17.53,17.82,39.2,True,37.7848522,-122.404832,9,1.36,37.7848824,-122.4048291,14.42,0.7936
160.39,-2.1162,-0.1636,9.5406,0.0111,0.0267,-0.002,17.54,17.82,40.49,True,37.7848889,-122.4048127,8,1.06,37.7848913,-122.4048178,13.99,0.7934
160.49,0.6179,0.1609,9.518,-0.0105,0.001,-0.002,17.54,17.81,39.67,True,37.7848232,-122.4048177,10,0.82,37.7849001,-122.4048064,14.01,0.7932
160.59,0.2332,-0.029,9.5735,-0.0214,0.0014,-0.002,17.54,17.81,39.61,True,37.7848889,-122.4047427,11,1.38,37.784909,-122.404795,14.14,0.793
160.69,-2.3205,-0.2047,10.3448,0.0304,-0.0077,-0.002,17.55,17.81,40.2,True,37.7849157,-122.4047746,9,1.08,37.7849179,-122.4047836,14.06,0.7928
160.79,-0.4866,-0.0473,9.5541,0.0248,0.0316,-0.002,17.55,17.8,39.47,True,37.7849156,-122.404764,9,0.87,37.7849265,-122.4047725,13.65,0.7926
160.89,1.2794,-0.1246,10.119,0.0307,0.0162,-0.002,17.55,17.8,40.79,True,37.7849176,-122.4047733,9,1.33,37.7849353,-122.4047612,13.97,0.7924
160.99,1.6396,-0.0547,10.3708,0.0032,0.0263,-0.002,17.56,17.8,39.53,True,37.7849376,-122.4047026,8,0.97,37.7849441,-122.4047499,13.91,0.7922
161.09,0.4701,-0.0157,9.7243,0.0158,-0.0125,-0.002,17.56,17.79,40.01,True,37.7849142,-122.4047227,9,1.08,37.7849532,-122.4047383,14.32,0.792
161.19,-3.1429,0.0158,9.3591,0.026,0.0047,-0.002,17.56,17.79,40.2,True,37.7849687,-122.404707,11,1.17,37.784962,-122.404727,14.03,0.7918
161.29,-1.2344,-0.0516,9.4748,0.0065,0.0156,-0.002,17.57,17.79,39.73,True,37.7849825,-122.4047454,9,0.89,37.7849707,-122.4047159,13.72,0.7916
161.39,0.6399,-0.0493,10.1672,-0.0405,-0.0426,-0.002,17.57,17.78,40.5,True,37.7849485,-122.4047037,9,1.1,37.7849794,-122.4047048,13.72,0.7914
161.49,1.5247,-0.0294,9.9961,-0.0032,-0.0256,-0.002,17.57,17.78,40.61,True,37.7849919,-122.4047153,8,1.24,37.7849881,-122.4046936,13.82,0.7912
161.59,1.094,0.1305,9.8329,0.0008,0.012,-0.002,17.58,17.78,39.96,True,37.7849585,-122.4047101,10,0.97,37.784997,-122.4046822,14.01,0.791
161.69,-1.8353,-0.1529,9.6159,0.0365,0.0399,-0.002,17.58,17.77,39.96,True,37.7850722,-122.4046064,9,0.91,37.7850059,-122.4046708,14.07,0.7908
161.79,-1.4759,-0.1081,9.9239,0.0024,-0.0099,-0.002,17.59,17.77,40.03,True,37.785002,-122.4046989,11,1.4,37.7850145,-122.4046598,13.65,0.7906
161.89,-0.9089,-0.0215,9.2827,-0.0012,0.0346,-0.002,17.59,17.77,39.86,True,37.7850501,-122.4046801,8,1.32,37.7850232,-122.4046487,13.75,0.7904
161.99,0.9118,0.0075,9.9015,0.022,0.0269,-0.002,17.59,17.76,40.19,True,37.7850052,-122.4046325,11,0.94,37.7850317,-122.4046378,13.42,0.7902
162.09,2.4785,-0.059,9.9622,0.003,-0.0286,-0.002,17.6,17.76,39.45,True,37.7850431,-122.4046133,10,1.02,37.7850405,-122.4046266,13.95,0.79
162.19,-0.2924,0.0998,9.9074,0.0367,0.0075,-0.002,17.6,17.76,39.78,True,37.785001,-122.4046133,10,0.88,37.7850493,-122.4046154,13.87,0.7898
162.29,-0.8283,-0.1122,9.7544,-0.016,0.0213,-0.002,17.6,17.75,39.95,True,37.7850096,-122.4046009,8,1.31,37.7850581,-122.4046042,13.85,0.7896
162.39,-0.908,-0.2374,10.0727,-0.0104,-0.0136,-0.002,17.61,17.75,39.47,True,37.78512,-122.404581,10,0.99,37.7850668,-122.404593,13.76,0.7894
162.49,-1.538,0.0898,9.8748,-0.0476,-0.0075,-0.002,17.61,17.74,40.89,True,37.7850801,-122.4046293,11,1.04,37.7850754,-122.404582,13.64,0.7892
162.59,0.3905,0.1038,10.2218,-0.0083,0.018,-0.002,17.61,17.74,39.57,True,37.7850938,-122.4045658,9,1.22,37.785084,-122.4045711,13.49,0.789
162.69,2.6229,-0.2836,9.7465,0.0141,0.0073,-0.002,17.62,17.74,40.34,True,37.7851145,-122.4045557,11,1.03,37.7850927,-122.40456,13.74,0.7888
162.79,0.702,-0.0231,9.6455,0.0371,-0.0261,-0.002,17.62,17.73,39.48,True,37.7850843,-122.4045576,11,1.12,37.7851016,-122.4045487,14.09,0.7886
162.89,-1.2643,-0.0593,9.8151,0.0447,-0.0033,-0.002,17.62,17.73,40.05,True,37.7851493,-122.4045011,9,0.91,37.7851104,-122.4045375,13.85,0.7884
162.99,-1.437,-0.1393,10.1075,-0.0305,-0.0129,-0.002,17.63,17.73,41.05,True,37.7850967,-122.4045555,10,1.26,37.7851192,-122.4045263,13.82,0.7882
163.09,-0.995,-0.0159,9.9444,0.0037,0.0212,-0.002,17.63,17.72,40.78,True,37.7851774,-122.4045233,9,0.9,37.7851278,-122.4045154,13.61,0.788
163.19,0.8297,0.007,9.8323,0.0405,0.0228,-0.002,17.64,17.72,40.02,True,37.7851333,-122.4045153,10,1.02,37.7851365,-122.4045044,13.62,0.7878
163.29,0.5095,-0.2376,9.3155,-0.0055,0.0085,-0.002,17.64,17.72,39.26,True,37.7850673,-122.4045045,11,1.17,37.7851452,-122.4044933,13.75,0.7876
163.39,0.2835,-0.09,10.4707,-0.0272,0.0444,-0.002,17.64,17.71,39.46,True,37.7851231,-122.4044587,9,1.05,37.7851539,-122.4044822,13.73,0.7874
163.49,1.5695,-0.0775,9.6244,-0.0094,0.0272,-0.002,17.65,17.71,39.71,True,37.7851393,-122.4044845,9,1.3,37.7851626,-122.4044711,13.8,0.7872
163.59,0.8967,-0.1918,10.1265,-0.0048,0.0161,-0.002,17.65,17.71,39.74,True,37.7851641,-122.4043985,8,0.97,37.7851716,-122.4044598,14.04,0.787
163.69,-2.1348,-0.0037,9.5865,0.0093,-0.0329,-0.002,17.65,17.7,40.33,True,37.7851547,-122.4044506,8,1.09,37.7851804,-122.4044485,13.99,0.7868
163.79,-2.1485,-0.1679,9.2623,0.0001,-0.0085,-0.002,17.66,17.7,38.42,True,37.7852237,-122.4044821,9,1.06,37.7851891,-122.4044375,13.59,0.7866
163.89,2.0431,-0.018,9.9615,0.028,0.0097,-0.002,17.66,17.7,40.08,True,37.7852009,-122.4044406,8,1.2,37.7851977,-122.4044266,13.59,0.7864
163.99,0.6037,0.0241,10.3031,0.0494,0.0308,-0.002,17.66,17.69,40.03,True,37.7852243,-122.4043741,10,1.07,37.7852066,-122.4044153,14.0,0.7862
164.09,0.0556,0.0441,10.043,0.0085,0.0449,-0.002,17.67,17.69,39.38,True,37.7851936,-122.404421,11,1.38,37.7852153,-122.4044043,13.69,0.786
164.19,0.1955,0.0405,9.5209,0.0105,-0.0229,-0.002,17.67,17.69,39.04,True,37.7852339,-122.4044173,8,1.38,37.7852242,-122.404393,14.04,0.7858
164.29,-1.7002,-0.003,10.2436,-0.0038,0.038,-0.002,17.67,17.68,39.7,True,37.7852587,-122.4043836,9,1.14,37.7852329,-122.404382,13.7,0.7856
164.39,0.1005,-0.0807,10.0583,-0.0369,-0.0232,-0.002,17.68,17.68,39.77,True,37.7851313,-122.4043738,8,1.04,37.7852416,-122.404371,13.68,0.7854
164.49,0.9094,-0.118,10.0001,0.0136,0.0041,-0.002,17.68,17.67,39.87,True,37.7852553,-122.4043837,9,1.39,37.7852504,-122.4043599,13.7,0.7852
164.59,0.2342,-0.072,9.4667,0.019,0.0385,-0.002,17.68,17.67,39.69,True,37.785253,-122.4043778,10,1.28,37.7852592,-122.4043488,13.84,0.785
164.69,-0.5611,-0.0881,10.1262,0.0024,0.0361,-0.002,17.69,17.67,40.6,True,37.785267,-122.4043666,8,0.83,37.7852679,-122.4043378,13.72,0.7848
164.79,-0.1174,-0.0119,9.9083,0.0178,-0.0014,-0.002,17.69,17.66,39.94,True,37.7853415,-122.4043355,8,1.01,37.7852766,-122.4043268,13.71,0.7846
164.89,-0.0563,-0.0863,9.9121,-0.0078,-0.0117,-0.002,17.69,17.66,39.67,True,37.7852342,-122.4043422,10,1.04,37.7852854,-122.4043157,13.77,0.7844
164.99,-0.0808,-0.0722,9.7507,-0.0024,0.0014,-0.002,17.7,17.66,39.98,True,37.7852762,-122.4043374,9,1.29,37.7852941,-122.4043047,13.66,0.7842
165.09,0.6862,-0.0443,10.0414,-0.009,-0.0256,-0.002,17.7,17.65,39.8,True,37.7853121,-122.4042865,10,0.88,37.7853029,-122.4042936,13.82,0.784
165.19,-1.1525,0.1294,9.6507,0.0207,-0.0045,-0.002,17.71,17.65,39.74,True,37.7853776,-122.4042721,10,1.33,37.7853116,-122.4042825,13.78,0.7838
165.29,0.3928,-0.2166,9.3658,-0.0157,-0.0287,-0.002,17.71,17.65,39.42,True,37.7853416,-122.4043354,11,0.98,37.7853203,-122.4042716,13.61,0.7836
165.39,-0.5579,-0.0549,9.1558,-0.0306,-0.0176,-0.002,17.71,17.64,40.43,True,37.7853835,-122.4042324,9,1.13,37.7853291,-122.4042605,13.86,0.7835
165.49,-0.9593,-0.0297,10.3665,-0.0051,-0.0049,-0.002,17.72,17.64,40.24,True,37.7853499,-122.4042636,11,1.24,37.7853377,-122.4042497,13.47,0.7833
165.59,1.0624,-0.0683,10.008,-0.0125,0.0113,-0.002,17.72,17.64,40.59,True,37.7853675,-122.404264,9,1.24,37.7853464,-122.4042387,13.66,0.7831
165.69,-0.2396,0.0364,10.0651,0.0203,0.009,-0.002,17.72,17.63,39.16,True,37.7853978,-122.4042187,10,1.16,37.7853552,-122.4042277,13.67,0.7829
165.79,-0.9059,-0.0819,9.8178,0.0019,-0.0176,-0.002,17.73,17.63,40.34,True,37.7853818,-122.4041917,11,1.39,37.7853638,-122.4042168,13.61,0.7827
165.89,-2.0563,0.0628,9.9107,-0.0096,-0.0086,-0.002,17.73,17.63,40.5,True,37.7853725,-122.404174,11,1.3,37.7853724,-122.404206,13.49,0.7825
165.99,1.0537,-0.0228,9.8772,-0.0128,0.0026,-0.002,17.73,17.62,39.49,True,37.785379,-122.4041412,11,0.98,37.7853809,-122.4041954,13.23,0.7823
166.09,3.1029,-0.1363,9.5459,-0.0067,-0.0007,-0.002,17.74,17.62,39.45,True,37.7854393,-122.4041768,11,1.18,37.7853897,-122.4041843,13.76,0.7821
166.19,-0.6799,-0.2102,10.5094,0.0088,0.0099,-0.002,17.74,17.62,41.08,True,37.7854188,-122.4041865,8,1.01,37.7853985,-122.4041732,13.84,0.7819
166.29,-2.3736,0.1281,9.8735,-0.0328,-0.0436,-0.002,17.74,17.61,39.82,True,37.7853898,-122.4040972,8,1.2,37.7854072,-122.4041623,13.69,0.7817
166.39,-2.3523,0.0062,9.1933,-0.0096,-0.0047,-0.002,17.75,17.61,41.26,True,37.7854342,-122.404119,10,1.2,37.7854158,-122.4041515,13.38,0.7815
166.49,1.0544,-0.0266,10.0602,0.0229,-0.0122,-0.002,17.75,17.6,40.05,True,37.7853776,-122.4041306,9,1.28,37.7854242,-122.4041409,13.22,0.7813
166.59,2.9458,0.0542,9.8469,-0.0097,-0.0459,-0.002,17.75,17.6,39.86,True,37.785454,-122.4041103,11,1.07,37.7854329,-122.40413,13.6,0.7811
166.69,0.7543,-0.1604,9.8735,0.0061,0.0063,-0.002,17.76,17.6,39.68,True,37.7854659,-122.4041379,11,1.4,37.7854417,-122.404119,13.82,0.7809
166.79,-1.625,-0.1088,10.0143,0.0222,-0.0191,-0.002,17.76,17.59,41.04,True,37.785472,-122.4040919,11,1.07,37.7854505,-122.4041079,13.77,0.7807
166.89,-2.0509,-0.1493,9.4855,0.027,0.0222,-0.002,17.76,17.59,40.22,True,37.7854303,-122.4040492,10,1.15,37.7854592,-122.4040971,13.5,0.7805
166.99,0.7261,-0.1295,9.3614,0.0156,-0.0123,-0.002,17.77,17.59,39.58,True,37.7854648,-122.4041192,10,0.95,37.7854677,-122.4040864,13.38,0.7803
167.09,0.4017,-0.0869,9.7289,0.017,-0.0389,-0.002,17.77,17.58,39.0,True,37.7854622,-122.4040563,9,1.39,37.7854764,-122.4040755,13.64,0.7801
167.19,-0.7997,-0.0561,10.0139,0.0306,0.004,-0.002,17.77,17.58,39.77,True,37.7854526,-122.4040904,9,1.03,37.785485,-122.4040648,13.42,0.7799
167.29,-0.792,0.1019,9.1159,0.0404,-0.0184,-0.002,17.78,17.58,40.13,True,37.7854872,-122.4040251,10,1.0,37.7854936,-122.404054,13.51,0.7797
167.39,1.2425,-0.1595,9.5686,0.0254,0.0077,-0.002,17.78,17.57,40.53,True,37.7854826,-122.4040454,9,1.16,37.7855021,-122.4040434,13.22,0.7795
167.49,1.3935,0.0384,9.9232,0.0023,-0.0175,-0.002,17.78,17.57,39.58,True,37.7854948,-122.4040745,10,0.96,37.7855109,-122.4040324,13.73,0.7793
167.59,-1.1805,-0.0495,10.0263,0.0221,-0.0142,-0.002,17.79,17.57,40.34,True,37.7855304,-122.4040271,10,1.17,37.7855195,-122.4040216,13.47,0.7791
167.69,-0.706,-0.018,9.7911,-0.0169,-0.001,-0.002,17.79,17.56,40.35,True,37.7855137,-122.4040413,11,1.01,37.7855281,-122.4040109,13.46,0.7789
167.79,-0.9797,0.0075,9.6398,0.0072,-0.026,-0.002,17.8,17.56,40.14,True,37.7855807,-122.4040896,8,1.38,37.7855367,-122.4040002,13.33,0.7787
167.89,1.4964,0.0368,9.3248,0.0148,-0.0061,-0.002,17.8,17.56,40.36,True,37.7855626,-122.403965,11,0.84,37.7855451,-122.4039897,13.22,0.7785
167.99,1.0069,0.161,10.2287,-0.0069,-0.0258,-0.002,17.8,17.55,40.31,True,37.7855557,-122.4039769,8,1.12,37.7855538,-122.4039788,13.6,0.7783
168.09,-0.8462,-0.0526,9.2388,-0.0208,-0.0163,-0.002,17.81,17.55,39.08,True,37.7855948,-122.4039644,11,0.86,37.7855624,-122.403968,13.46,0.7782
168.19,-2.4736,-0.1141,9.9872,0.0261,-0.0554,-0.002,17.81,17.55,39.78,True,37.785558,-122.4039548,8,0.82,37.785571,-122.4039573,13.4,0.778
168.29,-1.2192,-0.0283,9.2046,-0.0007,0.0191,-0.002,17.81,17.54,39.94,True,37.7855679,-122.4040045,10,1.33,37.7855793,-122.403947,12.94,0.7778
168.39,-0.3471,-0.1943,9.8748,0.0115,-0.0007,-0.002,17.82,17.54,39.05,True,37.7855904,-122.4039474,11,0.95,37.7855878,-122.4039365,13.18,0.7776
168.49,1.5045,0.1811,10.0146,0.0219,-0.0238,-0.0019,17.82,17.54,40.28,True,37.7856164,-122.4039391,9,1.12,37.785596,-122.4039262,12.84,0.7774
168.59,2.5526,-0.0167,9.8195,-0.0369,0.0052,-0.0019,17.82,17.53,40.0,True,37.7855751,-122.403879,10,0.95,37.7856046,-122.4039155,13.45,0.7772
168.69,-0.783,-0.0349,9.9209,-0.0413,-0.0028,-0.0019,17.83,17.53,40.0,True,37.7856758,-122.4039346,11,1.1,37.7856132,-122.4039049,13.32,0.777
168.79,-0.9473,-0.035,9.5311,0.0148,-0.0225,-0.0019,17.83,17.52,39.08,True,37.785582,-122.4038934,9,1.22,37.7856217,-122.4038943,13.31,0.7768
168.89,-0.2978,-0.0463,10.1133,-0.0058,-0.0084,-0.0019,17.83,17.52,40.03,True,37.7855876,-122.4038742,10,1.01,37.7856301,-122.4038838,13.16,0.7766
168.99,1.4763,-0.0517,10.0429,-0.0018,-0.0062,-0.0019,17.84,17.52,39.59,True,37.7856702,-122.4038321,10,1.07,37.7856386,-122.4038732,13.21,0.7764
169.09,-0.4339,-0.1218,9.6352,0.0015,0.0198,-0.0019,17.84,17.51,39.11,True,37.7856545,-122.4039076,10,1.02,37.7856472,-122.4038625,13.44,0.7762
169.19,-0.8293,-0.0535,10.1328,-0.006,-0.0317,-0.0019,17.84,17.51,38.73,True,37.7856506,-122.4038734,11,0.8,37.7856556,-122.4038521,13.1,0.776
169.29,0.8276,-0.1175,9.4361,-0.0071,-0.0164,-0.0019,17.85,17.51,40.23,True,37.785639,-122.4039008,11,1.13,37.7856642,-122.4038415,13.3,0.7758
169.39,-0.8964,-0.1849,9.5769,-0.0145,0.0317,-0.0019,17.85,17.5,39.65,True,37.7857,-122.4039025,11,1.09,37.7856727,-122.403831,13.19,0.7756
169.49,0.4359,-0.1512,9.2516,-0.0054,0.0089,-0.0019,17.85,17.5,39.45,True,37.7856813,-122.4038162,11,0.84,37.7856811,-122.4038205,13.13,0.7754
169.59,0.3059,-0.1703,9.6287,-0.01,0.0282,-0.0019,17.86,17.5,39.56,True,37.785711,-122.4038336,9,1.28,37.7856896,-122.40381,13.25,0.7752
169.69,-0.3509,-0.0433,9.8121,-0.0192,0.023,-0.0019,17.86,17.49,40.88,True,37.7856563,-122.4037703,9,1.18,37.7856981,-122.4037994,13.2,0.775
169.79,-0.1655,0.038,10.3157,-0.0084,-0.0012,-0.0019,17.86,17.49,39.88,True,37.7857737,-122.4038464,11,1.04,37.7857066,-122.4037889,13.22,0.7748
169.89,0.1228,0.0856,9.633,-0.0291,-0.0187,-0.0019,17.87,17.49,39.67,True,37.785743,-122.4037811,11,0.85,37.785715,-122.4037784,13.18,0.7747
169.99,-0.5889,-0.0293,10.1385,-0.0047,0.0316,-0.0019,17.87,17.48,39.49,True,37.7856837,-122.4038184,8,1.36,37.7857235,-122.4037679,13.19,0.7745
170.09,0.1227,0.0469,9.6684,-0.0305,-0.0236,-0.0019,17.87,17.48,39.68,True,37.7857444,-122.4037526,11,1.03,37.7857319,-122.4037576,13.05,0.7743
170.19,-0.4564,0.0514,10.0803,0.0107,-0.0322,-0.0019,17.88,17.48,39.19,True,37.7857103,-122.4037627,9,1.38,37.7857404,-122.4037471,13.2,0.7741
170.29,-0.9358,-0.0399,9.7545,-0.0168,0.0321,-0.0019,17.88,17.47,40.3,True,37.7857428,-122.4037352,9,1.15,37.7857488,-122.4037367,12.98,0.7739
170.39,0.6548,-0.0198,10.0287,0.0039,0.0191,-0.0019,17.88,17.47,40.15,True,37.7858024,-122.4037564,11,0.96,37.7857572,-122.4037263,13.08,0.7737
170.49,-0.5594,0.014,9.1368,-0.0062,0.0137,-0.0019,17.89,17.47,39.78,True,37.7857705,-122.4036879,10,1.18,37.7857656,-122.4037159,13.1,0.7735
170.59,0.3493,0.0068,10.1647,0.0616,-0.0142,-0.0019,17.89,17.46,38.75,True,37.7857647,-122.4037298,8,1.14,37.7857739,-122.4037056,12.95,0.7733
170.69,0.6505,-0.0608,10.0056,-0.004,0.0293,-0.0019,17.89,17.46,39.05,True,37.785744,-122.403679,11,0.89,37.7857824,-122.4036951,13.18,0.7731
170.79,-1.9384,-0.1915,9.8979,-0.0263,0.0123,-0.0019,17.9,17.46,39.59,True,37.785797,-122.4037262,10,1.35,37.7857908,-122.4036847,13.09,0.7729
170.89,0.4321,-0.0978,9.6323,0.0115,0.0388,-0.0019,17.9,17.45,39.55,True,37.7858221,-122.4036815,9,1.32,37.7857991,-122.4036746,12.74,0.7727
170.99,1.5401,0.0532,10.0421,0.0365,-0.0021,-0.0019,17.9,17.45,39.92,True,37.785794,-122.4036741,9,1.36,37.7858075,-122.4036642,13.17,0.7725
171.1,-0.6659,0.0328,9.4863,-0.0109,-0.003,-0.0019,17.91,17.45,40.01,True,37.785809,-122.4036855,8,1.14,37.7858159,-122.4036538,13.03,0.7723
171.2,1.5863,-0.0201,9.261,-0.0343,0.0068,-0.0019,17.91,17.44,39.34,True,37.7857881,-122.4036789,9,0.97,37.7858243,-122.4036435,13.03,0.7721
171.3,-0.3563,-0.0469,10.0906,-0.0017,-0.0172,-0.0019,17.91,17.44,39.8,True,37.7858027,-122.4036036,10,1.31,37.7858329,-122.4036329,13.36,0.772
171.4,-3.3313,-0.345,10.201,0.0084,0.0026,-0.0019,17.92,17.43,40.52,True,37.7858294,-122.4036377,9,1.25,37.7858413,-122.4036226,12.93,0.7718
171.5,-0.1763,-0.0212,10.3764,-0.0062,-0.0117,-0.0019,17.92,17.43,40.25,True,37.7858288,-122.4036561,11,0.92,37.7858494,-122.4036125,12.7,0.7716
171.6,-0.4262,-0.0563,10.0291,0.0024,-0.0102,-0.0019,17.92,17.43,40.6,True,37.785861,-122.4035777,9,1.18,37.7858578,-122.4036023,12.95,0.7714
171.7,-0.1074,0.1367,9.505,0.0287,-0.0004,-0.0019,17.93,17.42,39.57,True,37.7859354,-122.4035919,9,1.16,37.7858659,-122.4035923,12.6,0.7712
171.8,2.0886,-0.0797,9.9493,0.0063,0.0121,-0.0019,17.93,17.42,40.44,True,37.7858666,-122.4036378,10,0.94,37.7858742,-122.403582,12.9,0.771
171.9,0.0148,0.1035,10.1965,0.0209,0.0227,-0.0019,17.93,17.42,39.97,True,37.7858908,-122.4035834,9,1.21,37.7858826,-122.4035717,13.02,0.7708
172.0,-0.0949,-0.0152,9.435,-0.0348,0.0099,-0.0019,17.94,17.41,39.88,True,37.7858574,-122.4035672,10,0.99,37.785891,-122.4035615,12.89,0.7706
172.1,-0.5225,-0.1858,9.1773,-0.0118,0.0248,-0.0019,17.94,17.41,40.62,True,37.7858734,-122.4035461,9,1.22,37.7858994,-122.4035512,13.04,0.7704
172.2,-0.2571,0.0662,10.0034,-0.0306,0.0002,-0.0019,17.94,17.41,40.02,True,37.7858884,-122.4034915,10,0.84,37.7859076,-122.403541,12.78,0.7702
172.3,2.2957,-0.0572,9.9311,0.0416,-0.012,-0.0019,17.95,17.4,39.89,True,37.785914,-122.4035001,10,1.12,37.785916,-122.4035308,12.95,0.77
172.4,-0.4808,-0.0476,9.8545,-0.0004,-0.0103,-0.0019,17.95,17.4,39.35,True,37.7858875,-122.403493,9,1.15,37.7859245,-122.4035203,13.25,0.7698
172.5,-2.4226,0.0956,9.4881,-0.0303,0.0114,-0.0019,17.95,17.4,39.84,True,37.7859314,-122.4034857,11,0.82,37.7859328,-122.4035101,12.85,0.7697
172.6,0.9707,0.0548,10.5406,0.0026,-0.0186,-0.0019,17.96,17.39,39.9,True,37.7859519,-122.4034658,9,1.31,37.7859411,-122.4035,12.76,0.7695
172.7,0.7513,0.0199,9.718,-0.0274,-0.0013,-0.0019,17.96,17.39,40.3,True,37.7859627,-122.4034957,8,1.37,37.7859495,-122.4034897,13.02,0.7693
172.8,-1.7097,-0.1316,9.78,-0.0105,0.0055,-0.0019,17.96,17.39,39.04,True,37.7859201,-122.4035172,8,1.08,37.7859579,-122.4034794,12.97,0.7691
172.9,0.054,0.0325,9.5179,0.0021,0.019,-0.0019,17.97,17.38,39.74,True,37.7859126,-122.4034468,11,1.26,37.7859661,-122.4034694,12.7,0.7689
173.0,-1.364,-0.1542,10.2317,0.0089,0.0092,-0.0019,17.97,17.38,39.86,True,37.7860259,-122.4035087,10,0.96,37.7859745,-122.4034591,13.01,0.7687
173.1,-1.8352,-0.1099,9.8767,0.0003,-0.0041,-0.0019,17.97,17.38,40.62,True,37.7859662,-122.4034441,8,1.23,37.7859826,-122.4034492,12.45,0.7685
173.2,1.0641,-0.1376,9.8818,-0.0098,-0.0105,-0.0019,17.98,17.37,39.65,True,37.7859485,-122.4034521,9,1.3,37.7859907,-122.4034392,12.64,0.7683
173.3,1.082,-0.1673,9.185,0.0029,-0.0178,-0.0019,17.98,17.37,39.93,True,37.786007,-122.4033928,11,1.14,37.7859989,-122.4034292,12.65,0.7681
173.4,-0.5269,-0.1734,9.5951,0.028,-0.0115,-0.0019,17.98,17.37,40.04,True,37.7860004,-122.4034336,8,1.26,37.7860072,-122.4034191,12.85,0.7679
173.5,-1.446,-0.0777,10.3214,0.0082,-0.044,-0.0019,17.99,17.36,40.14,True,37.786038,-122.4034084,8,1.12,37.7860154,-122.4034091,12.58,0.7678
173.6,1.8396,-0.0863,9.6541,-0.0065,0.0302,-0.0019,17.99,17.36,40.56,True,37.7859726,-122.4034186,9,0.94,37.7860235,-122.4033992,12.56,0.7676
173.7,0.1991,0.122,9.7389,0.0037,0.01,-0.0019,17.99,17.36,40.08,True,37.786048,-122.4033977,11,1.33,37.7860319,-122.403389,12.96,0.7674
173.8,-1.7194,-0.1577,10.304,-0.0076,0.0089,-0.0019,18.0,17.35,40.45,True,37.7860196,-122.4033798,10,1.26,37.78604,-122.403379,12.61,0.7672
173.9,-0.8348,0.1138,9.632,-0.0213,0.0149,-0.0019,18.0,17.35,40.31,True,37.7860296,-122.4034392,11,1.13,37.7860482,-122.4033691,12.55,0.767
174.0,0.9848,-0.0233,9.9407,-0.003,0.0156,-0.0019,18.0,17.35,40.67,True,37.786038,-122.4033344,11,0.85,37.7860562,-122.4033593,12.47,0.7668
174.1,1.669,-0.0354,9.462,-0.0734,0.0047,-0.0019,18.01,17.34,39.3,True,37.7860664,-122.4033522,10,0.81,37.7860644,-122.4033493,12.66,0.7666
174.2,-1.0434,-0.0258,9.7465,-0.0206,0.0351,-0.0019,18.01,17.34,40.37,True,37.7860491,-122.4033347,9,0.93,37.7860727,-122.4033392,12.81,0.7664
174.3,-1.4366,-0.0132,10.4009,-0.0001,0.0069,-0.0019,18.01,17.34,38.95,True,37.7861071,-122.4032763,10,1.12,37.7860808,-122.4033293,12.45,0.7662
174.4,1.143,-0.0084,9.7783,-0.0058,-0.0003,-0.0019,18.02,17.33,41.01,True,37.7860479,-122.4033102,9,1.18,37.7860889,-122.4033195,12.51,0.7661
174.5,1.755,0.0019,9.7381,0.0123,0.0028,-0.0019,18.02,17.33,40.85,True,37.7860244,-122.403275,10,0.94,37.7860971,-122.4033095,12.65,0.7659
174.6,-0.356,-0.1674,9.8472,-0.0084,-0.0097,-0.0019,18.02,17.33,40.01,True,37.7860948,-122.4032719,9,1.2,37.7861054,-122.4032994,12.84,0.7657
174.7,-1.6471,0.0802,9.845,0.0118,-0.0153,-0.0019,18.03,17.32,40.91,True,37.786076,-122.4032461,8,1.22,37.7861136,-122.4032895,12.57,0.7655
174.8,1.021,-0.2107,9.5687,0.0192,-0.0071,-0.0019,18.03,17.32,39.92,True,37.7861496,-122.4032558,9,1.07,37.7861217,-122.4032796,12.49,0.7653
174.9,0.2671,-0.2427,9.7701,-0.0253,0.0036,-0.0019,18.03,17.32,39.06,True,37.7861072,-122.4032883,9,1.27,37.78613,-122.4032695,12.79,0.7651
175.0,-0.7837,0.079,9.8288,-0.0018,-0.0304,-0.0019,18.04,17.31,39.42,True,37.7861424,-122.4032488,9,0.93,37.7861381,-122.4032597,12.52,0.7649
175.1,-1.3209,-0.106,9.7984,-0.0092,0.0058,-0.0019,18.04,17.31,39.65,True,37.7861168,-122.4032864,10,1.0,37.7861463,-122.4032497,12.6,0.7647
175.2,-1.0467,-0.0617,9.3599,0.0375,-0.0192,-0.0019,18.04,17.31,40.33,True,37.7861277,-122.4033023,9,1.14,37.7861542,-122.4032401,12.23,0.7646
175.3,1.2473,-0.0574,9.7556,0.0099,-0.0239,-0.0019,18.05,17.3,40.57,True,37.786147,-122.4032389,11,1.13,37.7861623,-122.4032303,12.4,0.7644
175.4,1.1299,0.0967,9.638,0.0358,-0.0068,-0.0019,18.05,17.3,40.05,True,37.786175,-122.4032224,9,0.89,37.7861704,-122.4032205,12.48,0.7642
175.5,-1.0291,-0.077,9.8482,-0.0176,0.0446,-0.0019,18.05,17.3,40.0,True,37.7862061,-122.4032137,11,0.84,37.7861786,-122.4032106,12.6,0.764
175.6,-0.252,-0.0449,9.6367,0.0103,0.0187,-0.0019,18.06,17.29,39.78,True,37.7861653,-122.4031983,8,0.82,37.7861865,-122.4032009,12.28,0.7638
175.7,0.1208,0.1388,9.6334,0.0312,-0.0108,-0.0019,18.06,17.29,39.99,True,37.7861836,-122.4031357,10,1.26,37.7861947,-122.403191,12.56,0.7636
175.8,-1.1817,0.0658,9.7004,0.0193,-0.017,-0.0019,18.06,17.29,39.76,True,37.7862348,-122.4032102,8,0.87,37.7862026,-122.4031814,12.24,0.7634
175.9,3.9379,0.0111,9.8045,0.0236,-0.0173,-0.0019,18.06,17.28,40.16,True,37.7862227,-122.4031994,9,1.25,37.7862107,-122.4031717,12.37,0.7632
176.0,0.2213,-0.0506,9.8391,-0.0133,0.0056,-0.0019,18.07,17.28,40.02,True,37.7862041,-122.4031485,11,1.3,37.7862192,-122.4031614,13.05,0.7631
176.1,-4.6023,-0.0463,9.6528,0.0155,-0.0087,-0.0019,18.07,17.28,39.63,True,37.7862475,-122.4031237,8,1.24,37.7862273,-122.4031516,12.49,0.7629
176.2,2.1021,-0.121,9.6912,-0.0104,0.0172,-0.0019,18.07,17.27,40.04,True,37.7862642,-122.4031293,8,1.34,37.7862352,-122.403142,12.13,0.7627
176.3,2.0953,0.1004,9.3252,0.0031,-0.0194,-0.0019,18.08,17.27,40.18,True,37.7861937,-122.403158,10,0.8,37.7862436,-122.4031319,12.89,0.7625
176.4,-2.633,-0.0264,9.1841,-0.0058,-0.01,-0.0019,18.08,17.26,39.94,True,37.7862561,-122.4031044,9,1.12,37.7862517,-122.403122,12.57,0.7623
176.5,-1.5483,0.1292,9.5317,-0.0208,0.0116,-0.0019,18.08,17.26,40.38,True,37.7863112,-122.4031173,10,1.06,37.7862598,-122.4031123,12.36,0.7621
176.6,0.4205,-0.0965,9.3197,0.0096,-0.0095,-0.0019,18.09,17.26,38.98,True,37.7862681,-122.403138,8,0.92,37.7862678,-122.4031027,12.27,0.7619
176.7,0.0183,-0.074,10.0371,0.0225,-0.0075,-0.0018,18.09,17.25,40.51,True,37.7862934,-122.4030541,11,0.87,37.7862759,-122.4030929,12.48,0.7618
176.8,-2.1629,-0.0515,9.7496,0.03,0.0092,-0.0018,18.09,17.25,39.67,True,37.7863869,-122.403113,10,0.96,37.7862839,-122.4030832,12.29,0.7616
176.9,-1.8586,0.0428,10.1149,0.0243,0.019,-0.0018,18.1,17.25,39.22,True,37.7863173,-122.4030689,10,1.11,37.7862917,-122.4030738,12.0,0.7614
177.0,1.4242,-0.0413,9.3747,-0.0288,0.0393,-0.0018,18.1,17.24,39.92,True,37.7863107,-122.4030523,9,1.0,37.7862994,-122.4030645,11.9,0.7612
177.1,1.6595,0.0403,9.1688,-0.0255,0.007,-0.0018,18.1,17.24,39.48,True,37.7862839,-122.4031113,11,1.38,37.7863074,-122.4030548,12.27,0.761
177.2,-0.123,0.0069,9.5001,-0.0281,0.0537,-0.0018,18.11,17.24,40.97,True,37.7863538,-122.4030698,9,1.05,37.7863154,-122.4030452,12.23,0.7608
177.3,-0.6579,-0.0392,10.1015,0.022,0.013,-0.0018,18.11,17.23,40.0,True,37.7863035,-122.4030754,10,0.92,37.7863234,-122.4030356,12.29,0.7607
177.4,-0.7198,0.0416,9.4517,0.0378,-0.0048,-0.0018,18.11,17.23,40.33,True,37.7863016,-122.403071,10,0.8,37.7863313,-122.4030261,12.07,0.7605
177.5,0.8098,-0.0469,10.2597,0.0115,-0.0012,-0.0018,18.12,17.23,40.06,True,37.7862887,-122.4029906,8,1.38,37.7863392,-122.4030166,12.13,0.7603
177.6,-3.6389,-0.0302,9.3696,0.0263,0.0031,-0.0018,18.12,17.22,40.58,True,37.7863333,-122.4030366,11,1.15,37.7863472,-122.403007,12.27,0.7601
177.7,-0.9455,-0.0325,9.9326,0.0328,0.0239,-0.0018,18.12,17.22,39.54,True,37.7864122,-122.4030208,11,0.83,37.7863546,-122.4029981,11.41,0.7599
177.8,1.3914,0.0038,10.0639,-0.0098,0.015,-0.0018,18.13,17.22,40.88,True,37.7864017,-122.4029573,11,1.12,37.7863625,-122.4029886,12.12,0.7597
177.9,0.5193,0.0801,9.417,-0.0145,-0.0125,-0.0018,18.13,17.21,40.57,True,37.7863509,-122.4029678,11,1.07,37.7863701,-122.4029794,11.69,0.7596
178.0,-0.1443,-0.1201,10.0962,0.0242,-0.0366,-0.0018,18.13,17.21,40.11,True,37.7863728,-122.402966,9,1.01,37.7863781,-122.4029698,12.25,0.7594
178.1,-0.8311,-0.0829,9.4474,0.0311,-0.0222,-0.0018,18.13,17.21,39.7,True,37.7863737,-122.4029642,8,1.11,37.7863857,-122.4029607,11.65,0.7592
178.2,0.0768,0.0785,9.3635,-0.0069,-0.0196,-0.0018,18.14,17.21,40.09,True,37.7863784,-122.4029251,8,1.09,37.7863936,-122.4029512,12.12,0.759
178.3,-2.007,-0.0364,9.4795,-0.0014,-0.0002,-0.0018,18.14,17.2,39.36,True,37.7864224,-122.4029515,10,0.84,37.7864013,-122.402942,11.71,0.7588
178.4,1.0211,-0.049,9.7458,-0.0166,0.0442,-0.0018,18.14,17.2,39.88,True,37.7864453,-122.4028734,8,1.12,37.7864089,-122.4029328,11.75,0.7586
178.5,0.0761,-0.0255,9.4241,0.0121,-0.0039,-0.0018,18.15,17.2,39.26,True,37.7864021,-122.4029182,10,1.24,37.7864167,-122.4029235,11.89,0.7585
178.6,0.6393,0.0451,9.7033,0.0311,-0.009,-0.0018,18.15,17.19,40.36,True,37.7864642,-122.4029526,11,1.26,37.7864244,-122.4029143,11.78,0.7583
178.7,0.2502,0.0652,9.6512,-0.0091,-0.0038,-0.0018,18.15,17.19,40.46,True,37.7864265,-122.4029291,8,1.15,37.7864322,-122.4029049,11.98,0.7581
178.8,-0.1726,-0.1237,9.7304,0.0003,0.0332,-0.0018,18.16,17.19,39.72,True,37.7863583,-122.4028947,9,1.05,37.7864399,-122.4028957,11.79,0.7579
178.9,0.0459,-0.1549,9.8641,-0.0196,-0.0169,-0.0018,18.16,17.18,39.83,True,37.7864507,-122.4028696,11,1.17,37.7864477,-122.4028864,11.94,0.7577
179.0,-0.5785,0.1017,9.5892,0.0007,-0.0265,-0.0018,18.16,17.18,40.6,True,37.7864707,-122.4029308,8,1.39,37.7864554,-122.4028771,11.8,0.7576
179.1,0.0916,-0.1221,9.4271,0.0185,-0.0107,-0.0018,18.17,17.18,39.36,True,37.7864569,-122.4028935,8,1.26,37.7864632,-122.4028679,11.84,0.7574
179.2,0.0749,0.0646,10.3913,-0.0204,-0.0115,-0.0018,18.17,17.17,39.56,True,37.786425,-122.4028192,8,1.24,37.7864709,-122.4028586,11.83,0.7572
179.3,-1.1857,-0.0684,9.8358,0.0189,-0.0061,-0.0018,18.17,17.17,41.03,True,37.786465,-122.4028431,11,1.23,37.7864787,-122.4028494,11.84,0.757
179.4,-0.4237,-0.0185,9.624,-0.0015,-0.0027,-0.0018,18.18,17.17,40.88,True,37.7864996,-122.402825,10,0.87,37.7864862,-122.4028403,11.58,0.7568
179.5,2.0102,-0.093,10.0033,-0.0295,0.0059,-0.0018,18.18,17.16,40.23,True,37.7864808,-122.4027933,8,1.27,37.7864939,-122.4028312,11.74,0.7566
179.6,1.3369,-0.0647,9.3751,-0.0243,0.0134,-0.0018,18.18,17.16,39.74,True,37.7865153,-122.4028527,10,1.31,37.7865017,-122.4028218,11.97,0.7565
179.7,-0.0621,-0.1962,9.7518,0.0134,-0.0096,-0.0018,18.18,17.16,39.16,True,37.7865189,-122.4028224,9,1.3,37.7865096,-122.4028125,11.98,0.7563
179.8,0.185,-0.0604,9.8723,-0.0248,0.0033,-0.0018,18.19,17.15,39.8,True,37.7865174,-122.4027455,9,1.27,37.7865174,-122.4028031,11.92,0.7561
179.9,-1.3202,0.0087,9.7375,-0.0197,0.0319,-0.0018,18.19,17.15,40.0,True,37.7864956,-122.4027853,10,1.24,37.7865252,-122.4027938,11.96,0.7559
180.0,-3.602,-0.0438,10.2779,0.0336,0.0209,-0.0018,18.19,17.15,40.49,True,37.786553,-122.4027763,9,1.32,37.7865328,-122.4027847,11.62,0.7557
